会場,レース,艇番,登番,選手名,年齢,支部,体重,級別,全国勝率,全国2率,当地勝率,当地2率,モーター番号,モーター2率,ボート番号,ボート2率,今節成績ほか
大村,1,1,4969,町田洸希,34,長崎,52,B1,5.22,31.48,4.72,30.67,63,30.07,51,42.96,3            9
大村,1,2,4580,長谷川雅,36,岡山,51,B1,5.41,37.59,5.58,41.67,33,39.72,26,37.68,5            7
大村,1,3,4865,立具敬司,35,大阪,51,B1,4.78,26.47,4.19,19.05,20,41.67,75,30.99,2           11
大村,1,4,5103,芝田京介,27,埼玉,52,B1,3.89,17.86,0.00,0.00,26,36.57,56,34.62,5            8
大村,1,5,4740,齋藤達希,33,静岡,53,B1,4.79,28.72,4.04,19.23,27,31.69,63,34.59,6           10
大村,1,6,3867,松浦勝,50,愛知,56,B1,4.46,24.47,3.50,12.50,46,32.37,24,33.09,5            6
大村,2,1,3401,上田隆章,58,香川,53,B1,4.56,26.60,0.00,0.00,67,27.89,30,34.53,46
大村,2,2,4775,千葉真弥,32,静岡,46,A2,6.15,48.75,0.00,0.00,16,26.39,47,36.50,2           12
大村,2,3,4957,竹之内極,30,福岡,57,B1,5.15,32.43,6.17,43.48,75,23.70,32,42.75,4            9
大村,2,4,4875,大塚康雅,31,東京,50,B1,4.87,26.83,5.42,30.56,44,33.33,13,27.86,6            7
大村,2,5,5394,福西広太,24,埼玉,52,B1,2.47,4.55,0.00,0.00,74,39.31,65,32.17,6
大村,2,6,4074,柳沢一,44,愛知,52,A1,6.27,40.71,0.00,0.00,17,35.92,73,24.82,3           11
大村,3,1,5180,藤本紗弥,27,山口,46,B2,2.83,11.11,0.00,0.00,52,35.46,49,40.91,6            8
大村,3,2,4489,岩川仁士,39,大阪,54,B1,5.25,30.12,0.00,0.00,38,37.32,72,40.00,4           12
大村,3,3,4737,竹井貴史,34,福岡,55,A2,7.08,56.72,6.89,47.22,36,32.41,29,35.97,1           11
大村,3,4,4626,伊藤紘章,39,愛知,51,B1,4.94,30.68,4.16,26.32,12,34.27,35,36.50,6            9
大村,3,5,4470,平田健之,38,三重,53,A1,6.21,47.46,7.63,37.50,19,22.46,76,29.20,5           10
大村,3,6,4898,菊地敬介,34,埼玉,56,B1,4.39,18.99,3.67,16.67,57,36.55,16,21.43,12
大村,4,1,5105,富田恕生,27,福岡,52,B1,4.85,25.81,4.23,19.23,47,36.36,21,40.00,6           10
大村,4,2,4630,岩永雅人,39,愛知,53,A2,5.38,35.00,5.48,34.62,28,30.56,48,22.22,6           11
大村,4,3,4366,前沢丈史,40,東京,56,A1,6.49,46.76,6.29,47.06,73,35.66,71,25.87,1           12
大村,4,4,4853,前原哉,30,岡山,45,B2,4.28,21.88,4.72,28.00,30,37.14,54,37.40,65
大村,4,5,4302,西野翔太,42,広島,52,A2,6.74,55.91,6.70,53.03,69,29.50,27,38.57,34
大村,4,6,4417,服部剛,39,静岡,54,B1,4.56,23.46,4.53,31.58,55,25.69,19,34.31,54
大村,5,1,4251,川崎誠志,43,山口,52,B1,4.24,21.43,4.56,25.93,11,55.71,23,34.78,12
大村,5,2,5007,近藤雄一,29,東京,53,B1,5.05,29.90,4.20,20.00,68,23.74,36,28.15,2           10
大村,5,3,5192,中尾優香,24,福岡,49,A2,4.77,29.76,3.82,23.68,39,34.27,28,25.74,4           11
大村,5,4,4410,井上大輔,39,岡山,52,B1,5.45,37.08,6.06,46.03,34,38.30,33,38.46,53
大村,5,5,4513,河野真也,36,福岡,53,A2,5.82,41.18,4.64,25.00,15,32.45,37,28.78,1           12
大村,5,6,4261,岡祐臣,41,三重,55,A1,6.03,41.18,5.89,42.11,18,32.62,78,37.90,56
大村,6,1,4156,浜野孝志,44,三重,57,A2,5.92,41.04,4.71,17.65,70,30.15,34,27.07,2           12
大村,6,2,5208,屋良龍紀,28,長崎,51,B1,3.78,19.48,3.59,19.19,21,46.32,66,39.42,33
大村,6,3,3867,松浦勝,50,愛知,56,B1,4.46,24.47,3.50,12.50,46,32.37,24,33.09,5            1
大村,6,4,4095,福来剛,44,東京,51,A1,7.06,56.41,6.89,38.89,65,40.14,64,28.47,13          11
大村,6,5,3701,大西隆洋,52,香川,57,B1,3.46,12.50,1.40,0.00,51,27.46,53,34.07,26
大村,6,6,3976,内田圭,48,山口,52,B1,4.41,27.78,3.22,17.39,56,32.17,77,31.69,44
大村,7,1,3349,吉田一郎,57,長崎,52,A2,5.70,35.16,5.40,32.48,76,26.62,45,41.48,16
大村,7,2,4196,田中太一,43,佐賀,53,B1,4.56,30.30,4.42,27.27,59,37.33,40,35.71,45
大村,7,3,4875,大塚康雅,31,東京,50,B1,4.87,26.83,5.42,30.56,44,33.33,13,27.86,6            2
大村,7,4,4933,板橋侑我,29,静岡,54,A1,6.60,44.21,6.19,31.25,48,40.16,39,28.15,32          12
大村,7,5,4580,長谷川雅,36,岡山,51,B1,5.41,37.59,5.58,41.67,33,39.72,26,37.68,5            1
大村,7,6,5358,増本杏珠,20,福岡,49,B1,3.39,8.11,2.94,9.38,50,27.34,18,39.69,4
大村,8,1,5103,芝田京介,27,埼玉,52,B1,3.89,17.86,0.00,0.00,26,36.57,56,34.62,5            1
大村,8,2,4903,吉田凌太,32,愛知,51,A1,7.06,55.32,6.30,50.00,41,24.29,55,31.16,11
大村,8,3,4376,藤田靖弘,41,静岡,52,A2,5.78,38.76,8.18,81.82,32,34.53,22,29.32,13
大村,8,4,5180,藤本紗弥,27,山口,46,B2,2.83,11.11,0.00,0.00,52,35.46,49,40.91,6            3
大村,8,5,4978,山田和佐,31,広島,53,B1,4.68,24.55,4.38,15.38,37,23.53,62,32.86,35
大村,8,6,3784,中島友和,49,佐賀,53,B1,5.39,35.44,5.02,31.82,60,43.75,25,34.97,21
大村,9,1,5189,藤原早菜,25,岡山,45,A2,6.15,37.80,6.11,44.44,40,26.24,38,29.41,41
大村,9,2,4528,黒井達矢,37,埼玉,54,A1,6.57,48.82,7.23,51.61,64,40.29,59,40.88,25
大村,9,3,4626,伊藤紘章,39,愛知,51,B1,4.94,30.68,4.16,26.32,12,34.27,35,36.50,6            3
大村,9,4,3613,角谷健吾,53,東京,51,A1,6.46,50.00,6.50,40.91,45,34.53,12,34.75,35
大村,9,5,4969,町田洸希,34,長崎,52,B1,5.22,31.48,4.72,30.67,63,30.07,51,42.96,3            1
大村,9,6,4957,竹之内極,30,福岡,57,B1,5.15,32.43,6.17,43.48,75,23.70,32,42.75,4            2
大村,10,1,4470,平田健之,38,三重,53,A1,6.21,47.46,7.63,37.50,19,22.46,76,29.20,5            3
大村,10,2,5105,富田恕生,27,福岡,52,B1,4.85,25.81,4.23,19.23,47,36.36,21,40.00,6            4
大村,10,3,4740,齋藤達希,33,静岡,53,B1,4.79,28.72,4.04,19.23,27,31.69,63,34.59,6            1
大村,10,4,5007,近藤雄一,29,東京,53,B1,5.05,29.90,4.20,20.00,68,23.74,36,28.15,2            5
大村,10,5,4084,杉山正樹,46,愛知,55,A1,6.78,47.20,7.29,57.78,71,23.57,67,27.86,24
大村,10,6,4372,原田佑実,38,大阪,46,A2,5.33,30.00,6.40,40.00,58,39.42,17,34.85,23
大村,11,1,4095,福来剛,44,東京,51,A1,7.06,56.41,6.89,38.89,65,40.14,64,28.47,13           6
大村,11,2,5192,中尾優香,24,福岡,49,A2,4.77,29.76,3.82,23.68,39,34.27,28,25.74,4            5
大村,11,3,4074,柳沢一,44,愛知,52,A1,6.27,40.71,0.00,0.00,17,35.92,73,24.82,3            2
大村,11,4,4737,竹井貴史,34,福岡,55,A2,7.08,56.72,6.89,47.22,36,32.41,29,35.97,1            3
大村,11,5,4865,立具敬司,35,大阪,51,B1,4.78,26.47,4.19,19.05,20,41.67,75,30.99,2            1
大村,11,6,4630,岩永雅人,39,愛知,53,A2,5.38,35.00,5.48,34.62,28,30.56,48,22.22,6            4
大村,12,1,4933,板橋侑我,29,静岡,54,A1,6.60,44.21,6.19,31.25,48,40.16,39,28.15,32           7
大村,12,2,4513,河野真也,36,福岡,53,A2,5.82,41.18,4.64,25.00,15,32.45,37,28.78,1            5
大村,12,3,4156,浜野孝志,44,三重,57,A2,5.92,41.04,4.71,17.65,70,30.15,34,27.07,2            6
大村,12,4,4489,岩川仁士,39,大阪,54,B1,5.25,30.12,0.00,0.00,38,37.32,72,40.00,4            3
大村,12,5,4366,前沢丈史,40,東京,56,A1,6.49,46.76,6.29,47.06,73,35.66,71,25.87,1            4
大村,12,6,4775,千葉真弥,32,静岡,46,A2,6.15,48.75,0.00,0.00,16,26.39,47,36.50,2            2
唐津,1,1,4588,田中京介,34,福岡,56,A2,5.63,38.17,6.23,46.67,58,34.48,54,23.73,64
唐津,1,2,5162,松尾怜実,26,福岡,44,B1,3.78,11.54,3.76,12.12,59,27.12,24,43.58,4            5
唐津,1,3,3081,岡本慎治,62,山口,52,B1,4.40,24.53,4.95,35.00,36,23.21,28,33.15,3            7
唐津,1,4,4778,堤啓輔,40,佐賀,52,B1,5.16,37.35,5.22,35.66,8,46.15,34,34.44,41           9
唐津,1,5,3631,田添康介,56,長崎,56,B1,3.16,5.88,4.70,36.17,35,32.81,29,31.67,5            8
唐津,1,6,4821,妻鳥晋也,34,香川,57,B1,5.51,37.50,4.82,23.53,38,33.33,19,30.34,66
唐津,2,1,4295,小坂尚哉,39,兵庫,53,A1,6.56,45.30,7.04,50.00,19,33.90,22,32.26,54           7
唐津,2,2,3837,秋山広一,50,香川,53,A2,5.88,41.41,6.11,48.15,21,26.67,8,33.70,1           12
唐津,2,3,4752,西尾亮輔,37,愛知,51,B1,4.11,19.78,3.53,10.00,31,28.00,56,28.73,12           9
唐津,2,4,4162,竹本太樹,44,大阪,55,B1,3.92,14.46,0.00,0.00,11,32.14,17,29.57,1           10
唐津,2,5,5169,堀本翔太,25,愛知,48,B1,3.16,7.94,0.00,0.00,5,42.65,25,23.60,41           6
唐津,2,6,3568,木村光宏,54,香川,55,B1,4.89,38.36,5.56,44.44,17,22.22,1,29.12,5           11
唐津,3,1,4356,長岡良也,41,兵庫,53,A1,6.71,53.44,5.67,33.33,10,44.12,39,26.95,43          12
唐津,3,2,4435,服部達哉,39,愛知,54,B1,5.39,34.15,5.23,28.57,34,28.30,32,26.85,3           10
唐津,3,3,4808,松尾拓,37,三重,50,A1,6.47,47.20,5.29,29.17,33,27.54,40,32.80,54          11
唐津,3,4,3928,林恵祐,50,福岡,61,B1,3.65,15.31,4.03,20.00,53,28.00,26,26.09,6            9
唐津,3,5,4708,半田尚也,36,広島,56,B1,4.53,18.07,3.67,16.67,52,28.95,20,28.90,6            8
唐津,3,6,3470,新田芳美,56,徳島,46,B1,5.00,25.71,5.28,38.89,18,26.92,6,30.94,54           7
唐津,4,1,5130,上野拓馬,28,三重,53,B1,4.39,22.11,0.00,0.00,48,33.33,45,34.44,52           8
唐津,4,2,4363,大野芳顕,40,福岡,53,A2,5.66,33.08,4.66,21.05,46,27.42,51,26.67,3           12
唐津,4,3,3908,重成一人,47,香川,57,A1,6.87,50.38,5.95,42.11,12,30.36,21,28.49,31          11
唐津,4,4,3212,亀本勇樹,63,広島,60,B1,4.66,21.05,5.66,40.63,2,26.56,37,27.59,2            9
唐津,4,5,4276,鈴木勝博,42,愛知,54,A2,5.73,40.34,7.00,71.43,7,33.33,15,28.07,2           10
唐津,4,6,5036,福田翔吾,27,大阪,53,B1,4.73,33.33,4.61,22.22,23,20.37,10,37.10,16
唐津,5,1,4823,中村桃佳,32,香川,44,A1,5.94,39.78,7.10,40.00,49,38.10,30,21.82,16
唐津,5,2,4243,西村歩,40,大阪,48,A2,5.79,41.98,6.47,44.68,3,24.53,48,29.38,5            9
唐津,5,3,5205,刑部亜里,28,静岡,50,A2,5.88,40.71,4.91,36.36,41,30.77,9,33.68,62          10
唐津,5,4,5019,柴田百恵,26,静岡,45,A2,5.05,31.03,6.68,63.64,1,23.53,35,39.89,2           11
唐津,5,5,5162,松尾怜実,26,福岡,44,B1,3.78,11.54,3.76,12.12,59,27.12,24,43.58,4            1
唐津,5,6,5334,樫葉新心,21,徳島,45,B1,3.30,16.09,1.45,0.00,51,28.00,44,30.51,54
唐津,6,1,3717,立間充宏,50,岡山,56,B1,5.38,33.77,5.83,47.50,40,43.55,18,30.22,1           10
唐津,6,2,4942,柴田朋哉,35,福岡,54,A2,5.51,31.91,5.42,26.32,27,40.00,47,32.60,35
唐津,6,3,5169,堀本翔太,25,愛知,48,B1,3.16,7.94,0.00,0.00,5,42.65,25,23.60,41           2
唐津,6,4,4772,石丸海渡,32,香川,58,A1,6.86,53.77,6.69,53.85,54,38.71,12,36.07,35          12
唐津,6,5,3233,小畑実成,58,岡山,55,B1,4.85,20.21,5.40,35.00,57,30.19,53,25.97,63
唐津,6,6,3577,向所浩二,53,兵庫,59,B1,4.50,27.03,5.60,40.48,30,18.75,57,44.13,53
唐津,7,1,3081,岡本慎治,62,山口,52,B1,4.40,24.53,4.95,35.00,36,23.21,28,33.15,3            1
唐津,7,2,3470,新田芳美,56,徳島,46,B1,5.00,25.71,5.28,38.89,18,26.92,6,30.94,54           3
唐津,7,3,4215,吉島祥之,41,愛知,55,A2,5.84,38.69,5.80,37.78,9,27.42,42,34.62,1           12
唐津,7,4,4295,小坂尚哉,39,兵庫,53,A1,6.56,45.30,7.04,50.00,19,33.90,22,32.26,54           2
唐津,7,5,3459,中野和裕,59,佐賀,55,B1,3.78,15.28,4.27,24.24,43,36.84,52,31.22,45
唐津,7,6,5274,城間盛渚,24,福岡,52,B1,4.80,28.13,2.88,14.58,26,26.56,3,28.26,1L
唐津,8,1,4708,半田尚也,36,広島,56,B1,4.53,18.07,3.67,16.67,52,28.95,20,28.90,6            3
唐津,8,2,3631,田添康介,56,長崎,56,B1,3.16,5.88,4.70,36.17,35,32.81,29,31.67,5            1
唐津,8,3,3680,森林太,52,長崎,55,B1,4.25,22.22,5.00,29.09,13,22.22,41,54.89,24
唐津,8,4,5130,上野拓馬,28,三重,53,B1,4.39,22.11,0.00,0.00,48,33.33,45,34.44,52           4
唐津,8,5,4483,北野輝季,36,愛知,53,A1,6.97,51.38,5.70,39.39,60,24.53,50,28.14,13          12
唐津,8,6,3352,小川晃司,57,福岡,51,B1,4.26,11.36,4.13,18.75,56,28.26,23,29.14,32
唐津,9,1,3212,亀本勇樹,63,広島,60,B1,4.66,21.05,5.66,40.63,2,26.56,37,27.59,2            4
唐津,9,2,3928,林恵祐,50,福岡,61,B1,3.65,15.31,4.03,20.00,53,28.00,26,26.09,6            3
唐津,9,3,4910,中村泰平,29,愛知,52,A1,7.07,56.06,7.55,70.00,22,31.58,60,36.52,22
唐津,9,4,4243,西村歩,40,大阪,48,A2,5.79,41.98,6.47,44.68,3,24.53,48,29.38,5            5
唐津,9,5,4778,堤啓輔,40,佐賀,52,B1,5.16,37.35,5.22,35.66,8,46.15,34,34.44,41           1
唐津,9,6,4752,西尾亮輔,37,愛知,51,B1,4.11,19.78,3.53,10.00,31,28.00,56,28.73,12           2
唐津,10,1,4435,服部達哉,39,愛知,54,B1,5.39,34.15,5.23,28.57,34,28.30,32,26.85,3            3
唐津,10,2,4873,蒲原健太,32,佐賀,52,A2,5.55,34.86,5.82,38.40,39,13.04,43,29.95,46
唐津,10,3,3717,立間充宏,50,岡山,56,B1,5.38,33.77,5.83,47.50,40,43.55,18,30.22,1            6
唐津,10,4,4276,鈴木勝博,42,愛知,54,A2,5.73,40.34,7.00,71.43,7,33.33,15,28.07,2            4
唐津,10,5,4162,竹本太樹,44,大阪,55,B1,3.92,14.46,0.00,0.00,11,32.14,17,29.57,1            2
唐津,10,6,5205,刑部亜里,28,静岡,50,A2,5.88,40.71,4.91,36.36,41,30.77,9,33.68,62           5
唐津,11,1,4817,渡邉翼,34,山口,49,A2,5.99,44.00,4.06,20.59,6,28.57,36,42.93,26
唐津,11,2,3568,木村光宏,54,香川,55,B1,4.89,38.36,5.56,44.44,17,22.22,1,29.12,5            2
唐津,11,3,5019,柴田百恵,26,静岡,45,A2,5.05,31.03,6.68,63.64,1,23.53,35,39.89,2            5
唐津,11,4,4808,松尾拓,37,三重,50,A1,6.47,47.20,5.29,29.17,33,27.54,40,32.80,54           3
唐津,11,5,3908,重成一人,47,香川,57,A1,6.87,50.38,5.95,42.11,12,30.36,21,28.49,31           4
唐津,11,6,4727,安部慎一,38,福岡,56,B1,4.78,31.91,0.00,0.00,55,13.46,46,31.87,32
唐津,12,1,4483,北野輝季,36,愛知,53,A1,6.97,51.38,5.70,39.39,60,24.53,50,28.14,13           8
唐津,12,2,4356,長岡良也,41,兵庫,53,A1,6.71,53.44,5.67,33.33,10,44.12,39,26.95,43           3
唐津,12,3,3837,秋山広一,50,香川,53,A2,5.88,41.41,6.11,48.15,21,26.67,8,33.70,1            2
唐津,12,4,4215,吉島祥之,41,愛知,55,A2,5.84,38.69,5.80,37.78,9,27.42,42,34.62,1            7
唐津,12,5,4772,石丸海渡,32,香川,58,A1,6.86,53.77,6.69,53.85,54,38.71,12,36.07,35           6
唐津,12,6,4363,大野芳顕,40,福岡,53,A2,5.66,33.08,4.66,21.05,46,27.42,51,26.67,3            4
下関,1,1,5083,柳瀬幹太,27,山口,56,B1,4.82,26.09,4.66,30.28,35,31.03,66,45.71,9
下関,1,2,4111,奥田誠,45,広島,56,B1,4.99,30.00,4.21,14.29,22,32.28,37,36.78,11
下関,1,3,3567,吉岡誠,55,山口,56,B1,4.31,19.67,4.91,24.53,59,33.85,26,27.27,6
下関,1,4,4635,峰重力也,35,岡山,54,B1,4.77,32.05,4.77,22.73,12,27.53,38,27.12,
下関,1,5,4197,渥美卓郎,43,静岡,54,B1,3.56,9.57,0.00,0.00,28,24.69,49,38.29,8
下関,1,6,3988,古川誠之,47,愛知,56,A2,5.67,40.00,6.11,52.63,25,24.84,41,22.67,10
下関,2,1,5000,岡本翔太,31,山口,53,B1,4.33,20.65,4.27,19.70,48,31.69,39,31.43,8
下関,2,2,3839,川合理司,50,静岡,64,B1,3.79,17.36,0.00,0.00,38,29.57,44,37.71,10
下関,2,3,3578,塩田雄一,53,香川,51,B1,3.91,20.69,4.44,33.33,58,32.52,33,38.86,7
下関,2,4,4563,齋藤真之,38,岡山,54,B1,3.83,18.18,3.53,15.00,64,34.29,71,36.21,6
下関,2,5,4724,吉田祐貴,40,佐賀,54,B2,3.58,11.11,4.43,28.57,60,31.18,72,29.31,
下関,2,6,3293,宮内由紀,60,東京,52,B1,3.98,15.66,0.00,0.00,16,36.02,36,33.52,
下関,3,1,4485,楠原正剛,39,福岡,56,A2,5.29,37.37,0.00,0.00,33,31.32,28,37.36,
下関,3,2,5245,倉富大誠,24,愛知,53,B1,4.40,25.00,1.00,0.00,54,32.42,20,36.00,11
下関,3,3,4164,岩永節也,43,長崎,52,B1,4.68,21.74,3.86,14.29,27,31.54,64,22.99,10
下関,3,4,5303,土井歩夢,22,福岡,51,B1,5.71,36.36,5.00,20.00,18,27.33,69,35.80,9
下関,3,5,3710,吉永泰弘,51,香川,55,B1,4.56,27.00,0.00,0.00,72,36.76,15,38.86,8
下関,3,6,4757,山田祐也,36,徳島,53,A1,6.53,44.26,6.13,50.00,17,29.19,57,39.31,12
下関,4,1,4583,古田祐貴,36,香川,52,A2,5.95,36.92,5.28,28.21,68,25.31,21,40.23,10
下関,4,2,4906,鈴木雅希,30,東京,53,B1,5.40,33.61,6.33,44.44,70,28.09,60,30.68,8
下関,4,3,4081,樋口範政,46,愛知,58,B1,3.97,14.00,4.06,20.83,26,32.98,29,33.71,9
下関,4,4,4644,山田亮太,46,東京,50,A2,6.16,47.13,0.00,0.00,21,28.32,12,33.71,11
下関,4,5,4422,永井亮次,37,大阪,52,B1,5.05,33.33,5.10,30.00,24,31.17,48,31.82,
下関,4,6,4352,下條雄太,39,長崎,53,A1,6.67,50.86,8.30,80.00,61,33.15,27,33.72,12
下関,5,1,4575,戸塚邦好,37,東京,51,A1,5.92,41.67,6.18,39.29,45,32.02,65,36.57,12
下関,5,2,5131,江藤敦宏,26,福岡,52,B1,3.49,10.71,2.27,0.00,39,38.86,25,38.29,
下関,5,3,3265,今村暢孝,61,福岡,51,A1,6.33,47.37,6.49,52.24,20,32.60,32,32.57,11
下関,5,4,4834,浜本裕己,38,大阪,49,A2,5.94,37.27,4.72,27.59,55,31.41,45,31.82,10
下関,5,5,4465,大西賢,39,東京,53,B1,4.03,18.18,4.17,16.67,50,24.69,51,32.76,9
下関,5,6,5363,山本凱立,26,広島,52,B2,1.40,2.08,1.00,0.00,11,33.33,56,25.29,
下関,6,1,4949,横田貴満,33,佐賀,50,A1,6.52,48.03,6.17,41.67,73,29.67,50,32.76,11
下関,6,2,4563,齋藤真之,38,岡山,54,B1,3.83,18.18,3.53,15.00,64,34.29,71,36.21,2
下関,6,3,4314,青木幸太,41,福岡,51,A2,6.23,47.90,5.53,35.29,36,35.33,40,44.25,10
下関,6,4,5309,森雄利,21,長崎,52,B2,2.20,5.41,1.30,0.00,46,24.85,22,30.86,
下関,6,5,4459,片岡雅裕,39,香川,53,A1,6.17,37.01,6.72,33.33,37,34.95,68,35.06,12
下関,6,6,3567,吉岡誠,55,山口,56,B1,4.31,19.67,4.91,24.53,59,33.85,26,27.27,1
下関,7,1,5039,倉田茂将,27,愛知,56,A2,5.39,36.84,5.77,38.46,44,34.88,62,31.03,
下関,7,2,4458,抹香雄三,39,広島,53,B1,4.97,33.33,3.71,7.14,29,26.88,54,21.26,
下関,7,3,3811,石田章央,50,静岡,54,A2,5.76,44.14,6.32,54.55,32,35.14,18,30.46,12
下関,7,4,4632,長尾京志,36,福岡,51,B1,4.21,19.51,4.62,30.77,66,26.11,34,35.43,
下関,7,5,3951,石川吉鎬,49,大阪,56,A2,5.61,35.96,6.05,33.33,63,37.02,43,29.14,11
下関,7,6,3578,塩田雄一,53,香川,51,B1,3.91,20.69,4.44,33.33,58,32.52,33,38.86,2
下関,8,1,4477,篠崎仁志,38,福岡,56,A1,6.72,45.00,5.58,38.46,69,24.12,14,32.75,12
下関,8,2,3710,吉永泰弘,51,香川,55,B1,4.56,27.00,0.00,0.00,72,36.76,15,38.86,3
下関,8,3,4197,渥美卓郎,43,静岡,54,B1,3.56,9.57,0.00,0.00,28,24.69,49,38.29,1
下関,8,4,5000,岡本翔太,31,山口,53,B1,4.33,20.65,4.27,19.70,48,31.69,39,31.43,2
下関,8,5,4906,鈴木雅希,30,東京,53,B1,5.40,33.61,6.33,44.44,70,28.09,60,30.68,4
下関,8,6,5408,中山鷹輔,20,福岡,53,B2,1.84,0.00,0.00,0.00,41,34.12,47,25.99,
下関,9,1,4359,横川聖志,41,徳島,56,A2,5.36,38.10,5.38,30.77,67,31.82,61,33.33,
下関,9,2,4081,樋口範政,46,愛知,58,B1,3.97,14.00,4.06,20.83,26,32.98,29,33.71,4
下関,9,3,5083,柳瀬幹太,27,山口,56,B1,4.82,26.09,4.66,30.28,35,31.03,66,45.71,1
下関,9,4,4465,大西賢,39,東京,53,B1,4.03,18.18,4.17,16.67,50,24.69,51,32.76,5
下関,9,5,5303,土井歩夢,22,福岡,51,B1,5.71,36.36,5.00,20.00,18,27.33,69,35.80,3
下関,9,6,4452,松尾祭,38,香川,52,A2,5.77,39.45,0.00,0.00,40,29.47,42,44.57,
下関,10,1,4314,青木幸太,41,福岡,51,A2,6.23,47.90,5.53,35.29,36,35.33,40,44.25,6
下関,10,2,4164,岩永節也,43,長崎,52,B1,4.68,21.74,3.86,14.29,27,31.54,64,22.99,3
下関,10,3,3988,古川誠之,47,愛知,56,A2,5.67,40.00,6.11,52.63,25,24.84,41,22.67,1
下関,10,4,4583,古田祐貴,36,香川,52,A2,5.95,36.92,5.28,28.21,68,25.31,21,40.23,4
下関,10,5,3839,川合理司,50,静岡,64,B1,3.79,17.36,0.00,0.00,38,29.57,44,37.71,2
下関,10,6,4834,浜本裕己,38,大阪,49,A2,5.94,37.27,4.72,27.59,55,31.41,45,31.82,5
下関,11,1,3265,今村暢孝,61,福岡,51,A1,6.33,47.37,6.49,52.24,20,32.60,32,32.57,5
下関,11,2,3951,石川吉鎬,49,大阪,56,A2,5.61,35.96,6.05,33.33,63,37.02,43,29.14,7
下関,11,3,4949,横田貴満,33,佐賀,50,A1,6.52,48.03,6.17,41.67,73,29.67,50,32.76,6
下関,11,4,5245,倉富大誠,24,愛知,53,B1,4.40,25.00,1.00,0.00,54,32.42,20,36.00,3
下関,11,5,4111,奥田誠,45,広島,56,B1,4.99,30.00,4.21,14.29,22,32.28,37,36.78,1
下関,11,6,4644,山田亮太,46,東京,50,A2,6.16,47.13,0.00,0.00,21,28.32,12,33.71,4
下関,12,1,4459,片岡雅裕,39,香川,53,A1,6.17,37.01,6.72,33.33,37,34.95,68,35.06,6
下関,12,2,4477,篠崎仁志,38,福岡,56,A1,6.72,45.00,5.58,38.46,69,24.12,14,32.75,8
下関,12,3,4757,山田祐也,36,徳島,53,A1,6.53,44.26,6.13,50.00,17,29.19,57,39.31,3
下関,12,4,4352,下條雄太,39,長崎,53,A1,6.67,50.86,8.30,80.00,61,33.15,27,33.72,4
下関,12,5,4575,戸塚邦好,37,東京,51,A1,5.92,41.67,6.18,39.29,45,32.02,65,36.57,5
下関,12,6,3811,石田章央,50,静岡,54,A2,5.76,44.14,6.32,54.55,32,35.14,18,30.46,7
宮島,1,1,4739,中村晃朋,34,香川,51,A1,6.51,44.29,6.03,40.00,63,28.36,73,44.00,23211       11
宮島,1,2,5013,山下夏鈴,28,三重,44,B1,5.60,38.83,6.17,43.33,51,31.88,54,31.51,661 15
宮島,1,3,5319,近藤颯斗,24,愛知,52,B1,5.32,29.63,5.70,40.00,52,36.76,12,31.58,1 433       10
宮島,1,4,4195,前川守嗣,43,福岡,60,B1,5.01,26.55,5.19,28.57,55,36.76,26,37.04,4 351        9
宮島,1,5,4600,井内将太,41,広島,52,A2,6.25,45.28,6.93,52.07,54,22.06,17,43.37,11233        8
宮島,1,6,5416,龍田真白,19,三重,44,B2,2.47,9.68,0.00,0.00,64,24.07,62,41.18,5 546        7
宮島,2,1,5203,神里琴音,21,福岡,44,B1,3.95,19.28,4.82,30.30,75,16.67,81,21.43,156 63
宮島,2,2,4383,竹田吉行,40,徳島,52,A2,5.63,36.96,7.16,63.16,65,43.06,79,27.59,1 3554      10
宮島,2,3,4974,安井瑞紀,32,岡山,47,A1,6.15,43.88,5.29,28.57,72,46.27,36,36.21,6 5365      11
宮島,2,4,3797,岩井繁,52,広島,61,B1,4.02,17.24,4.41,22.12,27,26.98,31,30.38,6 563        7
宮島,2,5,4012,中村有裕,46,滋賀,59,A2,6.01,43.12,6.71,46.43,68,30.00,78,44.16,4 2523      12
宮島,2,6,5374,木山大聖,22,岡山,51,B1,2.57,4.35,0.00,0.00,62,39.13,55,24.62,6 465        8
宮島,3,1,3662,大庭元明,56,福岡,57,B1,5.53,42.52,4.60,20.00,73,22.22,63,35.48,365 22
宮島,3,2,4589,塩崎桐加,33,三重,51,A2,4.97,36.84,0.00,0.00,22,26.67,64,33.33,444 15      10
宮島,3,3,5177,松井貫太,29,福岡,52,B1,4.09,19.40,2.56,6.25,58,40.63,29,44.26,5 133        7
宮島,3,4,4930,佐藤悠,30,福井,54,A2,5.48,33.98,5.29,23.53,60,39.73,21,34.25,2 2611      12
宮島,3,5,4294,古賀繁輝,39,佐賀,59,A1,6.96,57.72,7.21,63.16,82,39.13,14,17.54,251 13      11
宮島,3,6,4457,神田達也,40,愛知,54,B1,4.86,26.25,0.00,0.00,61,47.69,30,32.05,1 2565       9
宮島,4,1,4876,梅木敬太,31,福井,53,B1,4.93,34.34,4.10,30.00,70,44.78,72,44.74,655 56
宮島,4,2,4475,末永祐輝,38,山口,55,A2,6.52,47.46,5.44,40.74,34,20.97,56,33.33,4 1412      11
宮島,4,3,4351,里岡右貴,39,福岡,54,A1,6.66,49.18,6.57,45.71,39,32.84,16,38.24,214 41      12
宮島,4,4,5126,山下大輝,29,兵庫,52,A1,6.14,47.75,5.18,35.29,53,37.68,60,19.67,1 1144       9
宮島,4,5,5155,内山七海,29,福岡,45,B1,5.42,37.97,5.88,41.18,77,33.33,34,18.97,2 352        8
宮島,4,6,3982,福田理,48,岡山,56,B1,4.49,25.00,4.36,21.21,79,36.67,28,29.87,4 346       10
宮島,5,1,3905,天野友和,48,愛知,54,A2,5.96,40.98,5.43,36.76,67,43.48,23,29.31,432 42      10
宮島,5,2,4462,夏山亮平,39,大阪,57,B1,5.18,31.03,5.79,43.59,13,21.88,33,25.40,4 413       11
宮島,5,3,4116,川田正人,44,徳島,51,B1,5.04,32.79,4.37,15.79,11,28.36,71,34.72,342 26
宮島,5,4,4531,武富智亮,37,佐賀,54,A2,6.38,48.15,6.50,50.00,66,40.63,27,36.21,12621       12
宮島,5,5,5438,星田夢結,20,福岡,50,B2,1.09,0.00,0.00,0.00,57,42.25,52,34.15,5 666        9
宮島,5,6,4872,山下流心,32,広島,56,B1,4.96,30.77,5.32,37.96,56,27.69,58,42.19,226 32
宮島,6,1,3618,海野ゆか,52,広島,44,A1,6.39,45.69,6.24,45.00,69,25.00,65,30.26,36444       12
宮島,6,2,4143,浦田晃嗣,44,佐賀,57,B1,4.10,19.48,4.00,16.67,26,22.22,19,38.46,3 264       10
宮島,6,3,4656,大崎翔,38,兵庫,54,B1,5.26,32.50,4.84,24.44,74,17.86,57,34.48,353 24
宮島,6,4,5338,香月大輝,25,福岡,52,B1,3.10,7.59,3.22,11.11,80,29.23,37,55.71,435 55
宮島,6,5,4158,木場雄二,44,山口,58,B1,5.16,36.56,4.14,21.05,81,33.33,76,35.90,331 66
宮島,6,6,4652,酒見峻介,40,佐賀,53,A2,4.93,31.07,7.05,52.63,76,20.00,15,23.44,134 53      11
宮島,7,1,3893,汐崎正則,49,愛知,53,B1,4.20,19.57,4.80,40.00,15,36.00,32,36.92,531 26
宮島,7,2,4133,高橋正男,45,兵庫,54,A1,5.96,38.89,5.82,45.45,14,28.77,39,29.85,12324       12
宮島,7,3,4069,山本修一,45,岡山,54,A1,6.45,48.39,7.29,44.74,24,29.03,67,35.62,124322
宮島,7,4,5177,松井貫太,29,福岡,52,B1,4.09,19.40,2.56,6.25,58,40.63,29,44.26,5 133        3
宮島,7,5,5416,龍田真白,19,三重,44,B2,2.47,9.68,0.00,0.00,64,24.07,62,41.18,5 546        1
宮島,7,6,3797,岩井繁,52,広島,61,B1,4.02,17.24,4.41,22.12,27,26.98,31,30.38,6 563        2
宮島,8,1,5155,内山七海,29,福岡,45,B1,5.42,37.97,5.88,41.18,77,33.33,34,18.97,2 352        4
宮島,8,2,4600,井内将太,41,広島,52,A2,6.25,45.28,6.93,52.07,54,22.06,17,43.37,11233        1
宮島,8,3,4894,原村拓也,34,香川,52,B1,4.28,21.36,4.65,25.58,59,39.13,38,31.03,523 45
宮島,8,4,5374,木山大聖,22,岡山,51,B1,2.57,4.35,0.00,0.00,62,39.13,55,24.62,6 465        2
宮島,8,5,4736,高倉和士,34,福岡,54,A1,6.96,57.98,6.66,44.83,29,28.07,11,22.22,241231
宮島,8,6,5236,小宮涼雅,26,広島,53,B1,3.74,17.00,2.32,4.26,78,34.38,35,26.56,5S5 35
宮島,9,1,5126,山下大輝,29,兵庫,52,A1,6.14,47.75,5.18,35.29,53,37.68,60,19.67,1 1144       4
宮島,9,2,4195,前川守嗣,43,福岡,60,B1,5.01,26.55,5.19,28.57,55,36.76,26,37.04,4 351        1
宮島,9,3,3548,室田泰史,55,福井,54,A2,6.05,38.93,3.67,22.22,50,31.34,25,23.64,656146
宮島,9,4,4457,神田達也,40,愛知,54,B1,4.86,26.25,0.00,0.00,61,47.69,30,32.05,1 2565       3
宮島,9,5,4202,浮田圭浩,43,岡山,57,B1,4.54,24.30,4.87,26.09,71,20.37,59,38.81,562 14
宮島,9,6,5438,星田夢結,20,福岡,50,B2,1.09,0.00,0.00,0.00,57,42.25,52,34.15,5 666        5
宮島,10,1,4383,竹田吉行,40,徳島,52,A2,5.63,36.96,7.16,63.16,65,43.06,79,27.59,1 3554       2
宮島,10,2,3982,福田理,48,岡山,56,B1,4.49,25.00,4.36,21.21,79,36.67,28,29.87,4 346        4
宮島,10,3,3905,天野友和,48,愛知,54,A2,5.96,40.98,5.43,36.76,67,43.48,23,29.31,432 42       5
宮島,10,4,4589,塩崎桐加,33,三重,51,A2,4.97,36.84,0.00,0.00,22,26.67,64,33.33,444 15       3
宮島,10,5,5319,近藤颯斗,24,愛知,52,B1,5.32,29.63,5.70,40.00,52,36.76,12,31.58,1 433        1
宮島,10,6,4143,浦田晃嗣,44,佐賀,57,B1,4.10,19.48,4.00,16.67,26,22.22,19,38.46,3 264        6
宮島,11,1,4294,古賀繁輝,39,佐賀,59,A1,6.96,57.72,7.21,63.16,82,39.13,14,17.54,251 13       3
宮島,11,2,4974,安井瑞紀,32,岡山,47,A1,6.15,43.88,5.29,28.57,72,46.27,36,36.21,6 5365       2
宮島,11,3,4652,酒見峻介,40,佐賀,53,A2,4.93,31.07,7.05,52.63,76,20.00,15,23.44,134 53       6
宮島,11,4,4739,中村晃朋,34,香川,51,A1,6.51,44.29,6.03,40.00,63,28.36,73,44.00,23211        1
宮島,11,5,4462,夏山亮平,39,大阪,57,B1,5.18,31.03,5.79,43.59,13,21.88,33,25.40,4 413        5
宮島,11,6,4475,末永祐輝,38,山口,55,A2,6.52,47.46,5.44,40.74,34,20.97,56,33.33,4 1412       4
宮島,12,1,4351,里岡右貴,39,福岡,54,A1,6.66,49.18,6.57,45.71,39,32.84,16,38.24,214 41       4
宮島,12,2,4012,中村有裕,46,滋賀,59,A2,6.01,43.12,6.71,46.43,68,30.00,78,44.16,4 2523       2
宮島,12,3,3618,海野ゆか,52,広島,44,A1,6.39,45.69,6.24,45.00,69,25.00,65,30.26,36444        6
宮島,12,4,4133,高橋正男,45,兵庫,54,A1,5.96,38.89,5.82,45.45,14,28.77,39,29.85,12324        7
宮島,12,5,4930,佐藤悠,30,福井,54,A2,5.48,33.98,5.29,23.53,60,39.73,21,34.25,2 2611       3
宮島,12,6,4531,武富智亮,37,佐賀,54,A2,6.38,48.15,6.50,50.00,66,40.63,27,36.21,12621        5
児島,1,1,3541,三嶌誠司,57,香川,53,A1,5.69,33.33,6.23,41.94,45,30.30,31,33.33,S 44         7
児島,1,2,4432,黄金井力,39,埼玉,57,B1,4.92,24.39,5.40,30.00,49,34.38,61,30.77,155          6
児島,1,3,5182,宮崎安奈,27,埼玉,46,B1,5.25,35.63,5.56,33.33,27,67.86,62,30.77,536          9
児島,1,4,4382,高山智至,41,滋賀,55,B1,4.50,20.18,3.67,11.11,56,46.43,74,42.31,643          5
児島,1,5,5362,中嶋世奈,18,静岡,49,B2,1.92,0.00,0.00,0.00,66,22.58,55,25.93,4 56
児島,1,6,4054,福嶋智之,47,岡山,53,B1,4.28,24.04,4.35,23.39,30,34.48,66,26.92,125          8
児島,2,1,5206,梅原祥平,28,岡山,53,B1,4.38,29.41,3.79,23.21,25,30.30,37,27.59,165          8
児島,2,2,4669,井上茂,40,福岡,53,B1,4.15,15.00,3.96,19.23,65,41.18,19,42.31,6 53         7
児島,2,3,5048,眞鳥康太,31,長崎,56,B1,4.98,30.77,4.30,10.00,34,22.58,67,28.13,4S2         10
児島,2,4,3346,宮本裕之,59,兵庫,52,B1,4.26,22.58,4.50,25.00,43,25.00,56,37.04,5 44
児島,2,5,5093,浦野海,23,福岡,53,A2,5.29,35.43,5.56,33.33,39,46.67,50,44.44,5526         9
児島,2,6,4730,土屋実沙,36,静岡,47,A2,4.59,27.54,5.43,30.43,19,25.00,33,34.62,2453        11
児島,3,1,3731,高濱芳久,52,広島,54,B1,5.02,33.64,4.88,31.25,33,28.13,26,40.74,542         10
児島,3,2,4675,井手良太,38,大阪,53,B1,4.89,27.63,4.31,18.75,37,40.00,54,50.00,523          8
児島,3,3,3471,赤峰和也,56,佐賀,54,B1,4.19,18.06,4.36,36.36,44,46.15,24,60.71,4 44
児島,3,4,3304,烏野賢太,58,徳島,52,A2,6.16,47.79,5.15,40.00,22,35.29,32,26.32,162          9
児島,3,5,5014,梶山涼斗,28,佐賀,55,B1,5.24,28.21,4.59,29.41,32,12.90,36,32.00,321         12
児島,3,6,4759,今泉友吾,36,東京,52,A1,6.71,46.02,7.00,52.63,31,39.29,68,50.00,4622        11
児島,4,1,5386,米玉利大,19,兵庫,54,B1,2.72,5.13,1.33,0.00,59,21.43,21,18.18,5 S3
児島,4,2,5071,野見山拓,31,福岡,53,B1,5.16,32.58,3.79,21.05,41,30.00,72,30.00,331         10
児島,4,3,3773,津留浩一,51,長崎,58,B1,4.21,22.99,5.34,32.20,36,35.71,11,33.33,463          9
児島,4,4,4478,櫻本あゆ,37,群馬,49,A2,5.89,38.89,4.82,18.18,67,42.86,58,20.69,3 13        12
児島,4,5,4776,竹田和哉,32,香川,53,A1,6.91,51.18,7.38,56.25,58,44.44,49,27.59,242         11
児島,4,6,4180,上野秀和,42,福岡,52,B1,5.29,32.29,3.67,22.22,50,36.00,73,28.57,2 41
児島,5,1,4241,大串重幸,41,長崎,53,A2,5.69,40.57,5.26,32.56,16,36.36,12,23.33,5 66        10
児島,5,2,4382,高山智至,41,滋賀,55,B1,4.50,20.18,3.67,11.11,56,46.43,74,42.31,643          1
児島,5,3,4562,阪本勇介,38,岡山,56,B1,3.76,12.00,4.55,23.29,54,46.15,46,34.62,4 15
児島,5,4,3831,安藤裕貴,51,愛知,53,B1,4.87,31.43,4.00,11.76,35,50.00,35,25.00,232          9
児島,5,5,5299,西丸敦基,23,香川,52,B1,4.83,30.10,4.88,40.63,53,18.75,29,41.38,631         11
児島,5,6,4311,岡村仁,41,大阪,55,A1,6.42,47.80,8.30,70.00,60,56.25,52,30.77,111         12
児島,6,1,4231,鈴木裕隆,42,愛知,56,A2,5.12,28.44,5.18,29.41,40,21.21,40,32.00,3431
児島,6,2,4845,前田紗希,32,埼玉,46,A1,6.72,52.63,6.45,45.45,47,30.30,45,42.86,1 65        10
児島,6,3,4350,篠崎元志,39,福岡,54,A1,7.30,48.00,7.34,55.17,17,25.00,38,40.74,212         12
児島,6,4,5247,大森翼,23,兵庫,52,B1,4.37,20.00,1.25,0.00,62,46.43,14,46.43,3 63
児島,6,5,3896,上田洋平,49,滋賀,50,B1,5.11,26.03,6.36,36.36,29,28.57,15,31.03,215         11
児島,6,6,4432,黄金井力,39,埼玉,57,B1,4.92,24.39,5.40,30.00,49,34.38,61,30.77,155          1
児島,7,1,4128,川口貴久,45,東京,56,B1,4.38,18.95,3.86,21.43,14,20.00,48,25.00,6 33
児島,7,2,3541,三嶌誠司,57,香川,53,A1,5.69,33.33,6.23,41.94,45,30.30,31,33.33,S 44         1
児島,7,3,3445,加藤高史,56,埼玉,53,A2,5.75,33.85,4.86,28.57,42,35.71,70,40.74,3 14        12
児島,7,4,4669,井上茂,40,福岡,53,B1,4.15,15.00,3.96,19.23,65,41.18,19,42.31,6 53         2
児島,7,5,3663,木山和幸,56,広島,50,A2,5.30,33.33,4.88,28.36,13,20.00,41,14.81,1 65        11
児島,7,6,5390,高橋涼夏,18,群馬,44,B2,1.68,0.00,0.00,0.00,68,32.35,16,36.67,5 65
児島,8,1,3696,白井友晴,53,埼玉,53,B1,4.99,23.26,0.00,0.00,11,12.90,65,38.46,4 24
児島,8,2,4571,菅章哉,37,徳島,53,A1,6.71,45.45,6.12,45.45,57,42.31,69,12.00,2211        12
児島,8,3,5206,梅原祥平,28,岡山,53,B1,4.38,29.41,3.79,23.21,25,30.30,37,27.59,165          2
児島,8,4,4675,井手良太,38,大阪,53,B1,4.89,27.63,4.31,18.75,37,40.00,54,50.00,523          3
児島,8,5,4054,福嶋智之,47,岡山,53,B1,4.28,24.04,4.35,23.39,30,34.48,66,26.92,125          1
児島,8,6,4189,川上剛,44,福岡,53,A2,6.35,45.14,6.31,45.45,38,22.58,60,18.52,2144
児島,9,1,5093,浦野海,23,福岡,53,A2,5.29,35.43,5.56,33.33,39,46.67,50,44.44,5526         2
児島,9,2,5182,宮崎安奈,27,埼玉,46,B1,5.25,35.63,5.56,33.33,27,67.86,62,30.77,536          1
児島,9,3,3831,安藤裕貴,51,愛知,53,B1,4.87,31.43,4.00,11.76,35,50.00,35,25.00,232          5
児島,9,4,3623,深川真二,51,佐賀,50,A1,7.61,69.03,6.83,50.00,63,18.52,71,44.44,3522
児島,9,5,3304,烏野賢太,58,徳島,52,A2,6.16,47.79,5.15,40.00,22,35.29,32,26.32,162          3
児島,9,6,3773,津留浩一,51,長崎,58,B1,4.21,22.99,5.34,32.20,36,35.71,11,33.33,463          4
児島,10,1,5048,眞鳥康太,31,長崎,56,B1,4.98,30.77,4.30,10.00,34,22.58,67,28.13,4S2          2
児島,10,2,3731,高濱芳久,52,広島,54,B1,5.02,33.64,4.88,31.25,33,28.13,26,40.74,542          3
児島,10,3,4845,前田紗希,32,埼玉,46,A1,6.72,52.63,6.45,45.45,47,30.30,45,42.86,1 65         6
児島,10,4,4241,大串重幸,41,長崎,53,A2,5.69,40.57,5.26,32.56,16,36.36,12,23.33,5 66         5
児島,10,5,5071,野見山拓,31,福岡,53,B1,5.16,32.58,3.79,21.05,41,30.00,72,30.00,331          4
児島,10,6,4713,白神優,35,岡山,55,A1,6.83,51.52,6.83,49.08,21,27.27,64,44.83,1313
児島,11,1,4776,竹田和哉,32,香川,53,A1,6.91,51.18,7.38,56.25,58,44.44,49,27.59,242          4
児島,11,2,3896,上田洋平,49,滋賀,50,B1,5.11,26.03,6.36,36.36,29,28.57,15,31.03,215          6
児島,11,3,3663,木山和幸,56,広島,50,A2,5.30,33.33,4.88,28.36,13,20.00,41,14.81,1 65         7
児島,11,4,4759,今泉友吾,36,東京,52,A1,6.71,46.02,7.00,52.63,31,39.29,68,50.00,4622         3
児島,11,5,4730,土屋実沙,36,静岡,47,A2,4.59,27.54,5.43,30.43,19,25.00,33,34.62,2453         2
児島,11,6,5299,西丸敦基,23,香川,52,B1,4.83,30.10,4.88,40.63,53,18.75,29,41.38,631          5
児島,12,1,4571,菅章哉,37,徳島,53,A1,6.71,45.45,6.12,45.45,57,42.31,69,12.00,2211         8
児島,12,2,5014,梶山涼斗,28,佐賀,55,B1,5.24,28.21,4.59,29.41,32,12.90,36,32.00,321          3
児島,12,3,4311,岡村仁,41,大阪,55,A1,6.42,47.80,8.30,70.00,60,56.25,52,30.77,111          5
児島,12,4,4350,篠崎元志,39,福岡,54,A1,7.30,48.00,7.34,55.17,17,25.00,38,40.74,212          6
児島,12,5,3445,加藤高史,56,埼玉,53,A2,5.75,33.85,4.86,28.57,42,35.71,70,40.74,3 14         7
児島,12,6,4478,櫻本あゆ,37,群馬,49,A2,5.89,38.89,4.82,18.18,67,42.86,58,20.69,3 13         4
丸亀,1,1,4313,西村美智,41,香川,48,B2,6.72,50.00,6.35,46.38,9,37.35,27,38.58,3 3S1 14    10
丸亀,1,2,5123,福山恵里,29,山口,49,B1,3.84,17.72,0.00,0.00,61,29.55,13,25.86,563 661 6    8
丸亀,1,3,5156,坂野さく,28,福井,45,B1,4.82,29.47,0.00,0.00,6,32.53,17,42.86,461 554 3    6
丸亀,1,4,5367,赤松咲香,23,徳島,49,B2,1.95,4.55,1.17,0.00,18,33.70,31,35.25,656 565      8
丸亀,1,5,4246,喜多那由,43,静岡,48,B1,3.84,20.45,6.20,60.00,47,27.08,65,44.07,4 643 154    7
丸亀,1,6,3580,水口由紀,53,滋賀,49,B1,4.41,21.52,5.05,23.81,32,41.18,55,31.93,2 522 664    5
丸亀,2,1,5265,大廣咲季,26,香川,45,B1,2.98,11.36,2.67,7.50,55,30.43,3,28.07,156 343 2
丸亀,2,2,4419,原加央理,38,埼玉,46,B1,5.36,36.25,5.90,40.00,16,32.63,22,29.17,4 522 652    6
丸亀,2,3,4045,佐々木裕,46,山口,48,B1,4.99,36.84,7.40,70.00,31,40.00,24,25.86,4 654 665
丸亀,2,4,4275,菅野はや,43,広島,52,B2,3.63,15.79,2.78,0.00,30,36.59,46,36.22,364 353 2    7
丸亀,2,5,3932,池田浩美,49,静岡,52,B1,4.33,28.36,3.61,19.35,65,27.08,56,44.53,226 426      9
丸亀,2,6,3509,池千夏,54,香川,51,B1,3.91,15.52,4.51,25.00,40,42.53,62,35.77,4 224 451    6
丸亀,3,1,3302,谷川里江,58,愛知,45,B1,5.00,37.78,4.93,28.57,58,35.96,63,36.51,232 243 1   10
丸亀,3,2,4534,坂咲友理,36,大阪,45,B1,3.31,15.69,2.00,0.00,7,47.67,50,36.00,5 346 264
丸亀,3,3,4924,中北涼,33,長崎,48,B1,3.76,12.05,0.00,0.00,36,37.00,8,29.06,344 464 1    7
丸亀,3,4,4874,池田奈津,32,福岡,53,B1,4.43,19.67,5.00,20.00,35,30.84,64,30.58,5 343 365    8
丸亀,3,5,5173,谷口佳蓮,24,香川,47,B1,4.60,28.75,4.39,27.48,14,35.16,58,31.19,243 1S6      9
丸亀,3,6,5213,湯淺紀香,27,群馬,46,A2,5.36,36.84,4.95,30.00,3,46.43,52,40.32,415 1556F
丸亀,4,1,4289,落合直子,41,大阪,47,A2,5.50,36.19,5.63,34.29,27,35.23,39,27.83,5 2433131   11
丸亀,4,2,4479,矢野真梨,37,山口,46,B1,3.70,13.43,0.00,0.00,50,46.74,25,28.69,5 563 346
丸亀,4,3,5291,三嶌ここ,24,香川,52,B1,3.00,4.55,2.39,4.71,25,38.89,29,22.73,532 554 3    9
丸亀,4,4,4733,赤井睦,36,徳島,48,B1,4.81,25.33,4.20,20.00,48,50.00,41,27.59,636 541 1
丸亀,4,5,3845,中谷朋子,49,兵庫,45,B1,4.64,26.79,6.00,36.36,43,28.89,5,37.60,163 421 5
丸亀,4,6,3175,渡辺千草,62,東京,49,B1,4.59,23.53,5.97,32.26,52,40.00,15,28.70,444 145 3
丸亀,5,1,4773,中川りな,32,福岡,49,A2,5.62,35.45,6.15,41.46,21,31.87,40,41.46,34133 2 3   11
丸亀,5,2,4854,大橋由珠,30,東京,43,B2,5.30,31.91,4.44,33.33,45,35.71,14,31.36,6 431 324   10
丸亀,5,3,4784,向井田真,38,広島,50,B1,4.45,26.15,4.44,44.44,26,23.81,43,32.50,6 145 256    9
丸亀,5,4,3580,水口由紀,53,滋賀,49,B1,4.41,21.52,5.05,23.81,32,41.18,55,31.93,2 522 664    1
丸亀,5,5,5153,佐藤ほの,29,東京,47,B1,3.79,10.59,4.32,12.00,22,30.69,48,24.17,6 256 342
丸亀,5,6,5326,三嶌さら,22,香川,47,B1,3.34,8.65,2.31,4.46,29,37.08,28,37.50,1 142 244   10
丸亀,6,1,3611,岩崎芳美,53,徳島,49,A2,5.36,34.95,6.15,46.15,8,34.78,16,42.62,1 5522323   10
丸亀,6,2,5156,坂野さく,28,福井,45,B1,4.82,29.47,0.00,0.00,6,32.53,11,40.48,461 554 3    1
丸亀,6,3,5003,来田衣織,29,兵庫,47,B1,3.91,21.18,3.19,18.75,12,46.91,12,29.17,1 155 522   11
丸亀,6,4,3509,池千夏,54,香川,51,B1,3.91,15.52,4.51,25.00,40,42.53,62,35.77,4 224 451    2
丸亀,6,5,4419,原加央理,38,埼玉,46,B1,5.36,36.25,5.90,40.00,16,32.63,22,29.17,4 522 652    2
丸亀,6,6,4011,堀之内紀,46,岡山,46,A1,5.93,44.74,6.10,50.00,53,38.78,36,34.45,36F44 6 6
丸亀,7,1,4936,戸敷晃美,29,福岡,48,A2,5.56,39.39,5.88,37.50,60,48.10,20,32.80,323 161 2   10
丸亀,7,2,4246,喜多那由,43,静岡,48,B1,3.84,20.45,6.20,60.00,47,27.08,65,44.07,4 643 154    1
丸亀,7,3,4275,菅野はや,43,広島,52,B2,3.63,15.79,2.78,0.00,30,36.59,46,36.22,364 353 2    2
丸亀,7,4,4642,松尾夏海,34,香川,48,A1,6.06,44.09,5.41,32.05,46,45.65,53,50.00,521 61413   11
丸亀,7,5,4924,中北涼,33,長崎,48,B1,3.76,12.05,0.00,0.00,36,37.00,8,29.06,344 464 1    3
丸亀,7,6,5218,山田理央,25,香川,47,A2,6.22,44.00,4.70,27.54,57,39.56,47,39.84,15113 55    11
丸亀,8,1,4994,山本梨菜,27,佐賀,46,A1,6.32,42.55,0.00,0.00,39,41.46,4,29.57,2 5611441   11
丸亀,8,2,3334,角ひとみ,57,広島,45,A2,5.81,37.76,5.17,22.22,64,31.76,44,37.01,666 662
丸亀,8,3,4874,池田奈津,32,福岡,53,B1,4.43,19.67,5.00,20.00,35,30.84,64,30.58,5 343 365    3
丸亀,8,4,4900,中田夕貴,33,埼玉,46,A2,6.21,46.96,4.88,37.50,28,30.00,26,30.63,5 5S555
丸亀,8,5,5123,福山恵里,29,山口,49,B1,3.84,17.72,0.00,0.00,61,29.55,13,25.86,563 661 6    1
丸亀,8,6,5367,赤松咲香,23,徳島,49,B2,1.95,4.55,1.17,0.00,18,33.70,54,34.13,656 565      1
丸亀,9,1,4784,向井田真,38,広島,50,B1,4.45,26.15,4.44,44.44,26,23.81,43,32.50,6 145 256    5
丸亀,9,2,5173,谷口佳蓮,24,香川,47,B1,4.60,28.75,4.39,27.48,14,35.16,58,31.19,243 1S6      3
丸亀,9,3,3932,池田浩美,49,静岡,52,B1,4.33,28.36,3.61,19.35,65,27.08,56,44.53,226 426      2
丸亀,9,4,5291,三嶌ここ,24,香川,52,B1,3.00,4.55,2.39,4.71,25,38.89,29,22.73,532 554 3    4
丸亀,9,5,5129,山口真喜,28,長崎,47,A2,5.74,38.89,0.00,0.00,59,37.37,30,38.39,1 1S632
丸亀,9,6,5163,清水愛海,26,山口,45,A1,6.55,50.53,6.67,47.22,2,38.95,37,24.56,13222 S1F
丸亀,10,1,5326,三嶌さら,22,香川,47,B1,3.34,8.65,2.31,4.46,29,37.08,28,37.50,1 142 244    5
丸亀,10,2,4936,戸敷晃美,29,福岡,48,A2,5.56,39.39,5.88,37.50,60,48.10,20,32.80,323 161 2    7
丸亀,10,3,3611,岩崎芳美,53,徳島,49,A2,5.36,34.95,6.15,46.15,8,34.78,16,42.62,1 5522323    6
丸亀,10,4,3302,谷川里江,58,愛知,45,B1,5.00,37.78,4.93,28.57,58,35.96,63,36.51,232 243 1    3
丸亀,10,5,4854,大橋由珠,30,東京,43,B2,5.30,31.91,4.44,33.33,45,35.71,14,31.36,6 431 324    5
丸亀,10,6,4313,西村美智,41,香川,48,B2,6.72,50.00,6.35,46.38,9,37.35,27,38.58,3 3S1 14     1
丸亀,11,1,5218,山田理央,25,香川,47,A2,6.22,44.00,4.70,27.54,57,39.56,47,39.84,15113 55     7
丸亀,11,2,4773,中川りな,32,福岡,49,A2,5.62,35.45,6.15,41.46,21,31.87,40,41.46,34133 2 3    5
丸亀,11,3,4642,松尾夏海,34,香川,48,A1,6.06,44.09,5.41,32.05,46,45.65,53,50.00,521 61413    7
丸亀,11,4,4994,山本梨菜,27,佐賀,46,A1,6.32,42.55,0.00,0.00,39,41.46,4,29.57,2 5611441    8
丸亀,11,5,4289,落合直子,41,大阪,47,A2,5.50,36.19,5.63,34.29,27,35.23,39,27.83,5 2433131    4
丸亀,11,6,5003,来田衣織,29,兵庫,47,B1,3.91,21.18,3.19,18.75,12,46.91,12,29.17,1 155 522    6
丸亀,12,1,5281,井上遥妃,22,徳島,46,A1,6.61,48.81,4.39,27.27,34,53.09,19,29.17,21311 21
丸亀,12,2,4387,平山智加,40,香川,45,A1,6.58,48.11,6.60,49.19,4,29.67,32,32.20,213 13145
丸亀,12,3,5193,米丸乃絵,24,福岡,47,A1,6.51,47.20,0.00,0.00,54,37.50,2,43.48,241 23256
丸亀,12,4,3232,山川美由,59,香川,47,A2,5.58,30.26,5.36,32.99,20,55.56,59,35.43,1 432 134
丸亀,12,5,5188,武井莉里,25,兵庫,45,A2,5.58,38.33,5.53,29.41,24,40.66,51,26.96,231 42335
丸亀,12,6,4938,小芦るり,28,佐賀,47,A1,6.73,50.00,6.47,47.06,51,29.41,18,32.20,3522412
鳴門,1,1,4963,實森美祐,29,広島,45,A1,6.25,43.10,5.64,36.00,36,33.88,22,35.37,151         12
鳴門,1,2,4636,赤池修平,35,徳島,52,B1,3.62,19.75,4.40,27.27,62,36.75,29,29.94,36           7
鳴門,1,3,4390,松本弓雄,39,徳島,53,B1,3.42,12.05,4.29,20.00,55,26.52,31,40.70,152          8
鳴門,1,4,4990,田中博子,28,福岡,48,B2,2.49,2.86,2.42,8.33,82,31.14,69,44.85,5 46
鳴門,1,5,3948,大町利克,49,大阪,53,B1,4.21,25.64,4.86,28.57,35,39.77,71,25.84,554          5
鳴門,1,6,5435,中西月輝,20,広島,51,B2,1.04,0.00,0.00,0.00,15,25.86,67,29.83,6 6
鳴門,2,1,3661,柳瀬興志,56,山口,58,B1,5.45,30.66,5.35,29.17,83,41.25,78,40.12,3 5          9
鳴門,2,2,4404,岸蔭亮,40,兵庫,55,B1,3.74,20.88,4.36,27.27,60,26.06,61,36.78,551         10
鳴門,2,3,4220,深川和仁,44,香川,55,B1,5.19,35.29,4.87,33.33,26,25.82,38,31.61,6 3          7
鳴門,2,4,5015,高橋竜矢,27,広島,50,A1,6.55,44.55,6.75,50.00,74,29.38,17,29.89,142         11
鳴門,2,5,3499,市川哲也,57,広島,51,A2,6.46,46.90,5.37,28.57,31,37.89,75,40.83,12           8
鳴門,2,6,4672,守屋大地,39,岡山,52,B1,4.59,25.00,4.58,25.81,17,39.43,60,28.93,355          6
鳴門,3,1,5073,上原健次,30,福岡,54,A2,5.42,30.68,3.33,22.22,66,23.53,72,30.41,56          10
鳴門,3,2,3477,近藤稔也,55,徳島,52,B1,3.86,10.64,4.80,28.47,67,30.73,84,31.43,4 2         12
鳴門,3,3,4725,佐竹太一,39,兵庫,53,B1,5.08,30.39,4.67,23.81,33,26.90,35,24.87,24          11
鳴門,3,4,4980,佐々木完,29,山口,52,A1,7.31,55.37,7.08,48.00,37,28.22,26,28.10,461          9
鳴門,3,5,3809,吉田光,50,佐賀,52,B1,4.24,14.58,3.86,17.86,19,38.92,76,31.90,2 2          7
鳴門,3,6,3687,花田和明,56,愛知,53,B1,4.83,27.27,0.00,0.00,57,28.74,20,41.72,1 5          8
鳴門,4,1,5140,吉田彩乃,25,静岡,47,B1,4.43,24.10,5.28,31.03,12,29.83,39,31.82,4 6          9
鳴門,4,2,5302,秋末秦悟,23,大阪,52,B1,3.87,17.95,4.41,17.65,24,31.01,53,28.99,6 4         11
鳴門,4,3,4468,大池佑来,39,東京,51,A1,6.65,45.05,0.00,0.00,58,42.94,83,25.86,133         10
鳴門,4,4,5345,牧村俊輝,22,愛知,53,B1,2.14,3.08,0.00,0.00,72,41.82,50,29.94,663          8
鳴門,4,5,4984,森下愛梨,29,静岡,50,A2,5.64,31.03,5.97,34.38,51,23.30,32,29.56,41          12
鳴門,4,6,4892,柴田直哉,35,福岡,52,B1,4.95,27.55,4.79,29.41,53,43.71,55,31.17,421
鳴門,5,1,3948,大町利克,49,大阪,53,B1,4.21,25.64,4.86,28.57,35,39.77,71,25.84,554          1
鳴門,5,2,4200,早川尚人,43,大阪,56,B1,4.31,21.30,4.92,26.23,59,48.77,28,31.48,23          10
鳴門,5,3,4566,塩田北斗,38,福岡,53,A1,6.66,40.15,6.59,48.28,80,27.61,81,38.73,32          12
鳴門,5,4,4551,三川昂暁,37,福岡,53,A2,6.11,41.60,6.80,35.00,39,43.56,12,31.25,3           11
鳴門,5,5,4844,村上奈穂,33,広島,49,B1,4.61,25.69,4.61,21.95,70,45.45,77,30.72,24           9
鳴門,5,6,3975,小野寺智,48,香川,52,B1,5.13,32.47,6.35,44.12,54,33.53,63,27.07,411
鳴門,6,1,4816,村松修二,34,広島,58,A2,5.74,40.70,5.82,50.00,75,28.82,33,31.18,232         10
鳴門,6,2,4672,守屋大地,39,岡山,52,B1,4.59,25.00,4.58,25.81,17,39.43,60,28.93,355          2
鳴門,6,3,4296,岡崎恭裕,39,福岡,52,A1,6.70,48.60,0.00,0.00,76,53.21,14,29.45,114         11
鳴門,6,4,3508,久富政弘,54,佐賀,55,B1,4.93,26.42,5.78,33.33,30,26.44,37,31.28,534
鳴門,6,5,5380,野田亜湖,21,徳島,52,B2,1.08,0.00,1.37,0.00,32,30.95,30,27.75,6 6
鳴門,6,6,4303,牧原崇,42,愛知,53,B1,5.32,34.58,5.50,25.00,29,28.57,21,29.30,144
鳴門,7,1,4220,深川和仁,44,香川,55,B1,5.19,35.29,4.87,33.33,26,25.82,38,31.61,6 3          2
鳴門,7,2,4895,門間雄大,34,東京,54,B1,5.27,31.00,4.00,0.00,78,36.99,58,38.15,3 3         12
鳴門,7,3,4809,外崎悟,37,埼玉,51,A2,5.93,42.05,6.82,52.94,21,30.60,23,32.34,542
鳴門,7,4,4636,赤池修平,35,徳島,52,B1,3.62,19.75,4.40,27.27,62,36.75,29,29.94,36           1
鳴門,7,5,4191,赤羽克也,44,埼玉,54,A2,6.14,44.07,6.50,50.00,22,36.72,59,40.00,2 3         11
鳴門,7,6,3809,吉田光,50,佐賀,52,B1,4.24,14.58,3.86,17.86,19,38.92,76,31.90,2 2          3
鳴門,8,1,4390,松本弓雄,39,徳島,53,B1,3.42,12.05,4.29,20.00,55,26.52,31,40.70,152          1
鳴門,8,2,3687,花田和明,56,愛知,53,B1,4.83,27.27,0.00,0.00,57,28.74,20,41.72,1 5          3
鳴門,8,3,3499,市川哲也,57,広島,51,A2,6.46,46.90,5.37,28.57,31,37.89,75,40.83,12           2
鳴門,8,4,3436,柏野幸二,56,岡山,50,A2,5.76,38.37,6.67,50.00,68,29.82,13,32.10,425         12
鳴門,8,5,5345,牧村俊輝,22,愛知,53,B1,2.14,3.08,0.00,0.00,72,41.82,50,29.94,663          4
鳴門,8,6,5442,池田美優,19,広島,44,B2,1.07,0.00,0.00,0.00,16,25.61,74,33.74,666
鳴門,9,1,4844,村上奈穂,33,広島,49,B1,4.61,25.69,4.61,21.95,70,45.45,77,30.72,24           5
鳴門,9,2,4980,佐々木完,29,山口,52,A1,7.31,55.37,7.08,48.00,37,28.22,26,28.10,461          3
鳴門,9,3,4079,出畑孝典,47,福岡,52,A2,5.86,43.59,0.00,0.00,28,38.46,16,35.63,235
鳴門,9,4,5140,吉田彩乃,25,静岡,47,B1,4.43,24.10,5.28,31.03,12,29.83,39,31.82,4 6          4
鳴門,9,5,3661,柳瀬興志,56,山口,58,B1,5.45,30.66,5.35,29.17,83,41.25,78,40.12,3 5          2
鳴門,9,6,4973,栗原直也,33,埼玉,52,A2,4.98,28.57,3.18,17.65,71,28.14,34,30.86,253
鳴門,10,1,4764,小池礼乃,35,福岡,47,B1,4.98,30.83,7.47,55.88,79,38.64,62,28.87,3161
鳴門,10,2,4468,大池佑来,39,東京,51,A1,6.65,45.05,0.00,0.00,58,42.94,83,25.86,133          4
鳴門,10,3,5073,上原健次,30,福岡,54,A2,5.42,30.68,3.33,22.22,66,23.53,72,30.41,56           3
鳴門,10,4,4816,村松修二,34,広島,58,A2,5.74,40.70,5.82,50.00,75,28.82,33,31.18,232          6
鳴門,10,5,4200,早川尚人,43,大阪,56,B1,4.31,21.30,4.92,26.23,59,48.77,28,31.48,23           5
鳴門,10,6,4404,岸蔭亮,40,兵庫,55,B1,3.74,20.88,4.36,27.27,60,26.06,61,36.78,551          2
鳴門,11,1,4191,赤羽克也,44,埼玉,54,A2,6.14,44.07,6.50,50.00,22,36.72,59,40.00,2 3          7
鳴門,11,2,5015,高橋竜矢,27,広島,50,A1,6.55,44.55,6.75,50.00,74,29.38,17,29.89,142          2
鳴門,11,3,5302,秋末秦悟,23,大阪,52,B1,3.87,17.95,4.41,17.65,24,31.01,53,28.99,6 4          4
鳴門,11,4,4296,岡崎恭裕,39,福岡,52,A1,6.70,48.60,0.00,0.00,76,53.21,14,29.45,114          6
鳴門,11,5,4725,佐竹太一,39,兵庫,53,B1,5.08,30.39,4.67,23.81,33,26.90,35,24.87,24           3
鳴門,11,6,4551,三川昂暁,37,福岡,53,A2,6.11,41.60,6.80,35.00,39,43.56,12,31.25,3            5
鳴門,12,1,4566,塩田北斗,38,福岡,53,A1,6.66,40.15,6.59,48.28,80,27.61,81,38.73,32           5
鳴門,12,2,4984,森下愛梨,29,静岡,50,A2,5.64,31.03,5.97,34.38,51,23.30,32,29.56,41           4
鳴門,12,3,3436,柏野幸二,56,岡山,50,A2,5.76,38.37,6.67,50.00,68,29.82,13,32.10,425          8
鳴門,12,4,4963,實森美祐,29,広島,45,A1,6.25,43.10,5.64,36.00,36,33.88,22,35.37,151          1
鳴門,12,5,3477,近藤稔也,55,徳島,52,B1,3.86,10.64,4.80,28.47,67,30.73,84,31.43,4 2          3
鳴門,12,6,4895,門間雄大,34,東京,54,B1,5.27,31.00,4.00,0.00,78,36.99,58,38.15,3 3          7
尼崎,1,1,3779,原田幸哉,50,長崎,53,A1,6.86,45.63,7.33,50.00,28,42.04,26,39.35,2           10
尼崎,1,2,5142,常住蓮,25,佐賀,51,A1,7.34,58.33,7.21,47.37,45,34.76,57,29.56,4            6
尼崎,1,3,5068,前田滉,25,愛知,51,A1,7.62,59.84,8.10,70.00,4,41.21,21,41.06,4            7
尼崎,1,4,4530,小野生奈,37,福岡,46,A1,7.18,59.66,6.66,44.83,53,34.19,32,34.00,6            5
尼崎,1,5,4503,上野真之,37,佐賀,51,A1,7.26,52.31,8.00,69.44,55,35.15,14,34.38,6            8
尼崎,1,6,4024,井口佳典,48,三重,52,A1,6.95,42.11,6.49,40.00,12,38.79,18,40.38,14
尼崎,2,1,3946,赤岩善生,49,愛知,56,A1,7.13,53.46,7.08,48.00,35,30.82,24,37.82,5            6
尼崎,2,2,4371,西山貴浩,38,福岡,52,A1,6.45,29.91,6.50,37.50,14,34.78,50,34.46,5            8
尼崎,2,3,4030,森高一真,47,香川,49,A1,6.34,34.07,6.39,39.29,9,47.37,31,30.20,5            7
尼崎,2,4,4851,関浩哉,31,群馬,50,A1,7.34,49.61,8.29,58.82,17,28.22,53,33.33,6            6
尼崎,2,5,4546,浜田亜理,37,埼玉,47,A1,6.63,48.10,7.31,65.52,26,38.89,44,36.13,6            8
尼崎,2,6,5084,末永和也,26,佐賀,54,A1,7.65,51.24,6.75,41.67,43,31.93,74,35.48,1           10
尼崎,3,1,4445,宮地元輝,39,佐賀,55,A1,6.91,36.84,8.06,58.82,59,30.43,47,32.69,3           12
尼崎,3,2,3719,辻栄蔵,50,広島,53,A1,6.92,45.36,6.44,11.11,52,35.98,38,36.13,5            8
尼崎,3,3,4581,吉村誠,36,静岡,51,A1,6.19,44.12,5.95,52.38,31,30.95,17,36.60,54
尼崎,3,4,4848,仲谷颯仁,31,福岡,52,A1,7.00,46.40,7.83,72.22,2,39.75,62,40.40,4            7
尼崎,3,5,4586,磯部誠,35,愛知,55,A1,7.04,49.15,6.57,28.57,33,39.76,60,34.44,5            8
尼崎,3,6,3897,白井英治,49,山口,54,A1,6.90,36.46,6.17,45.83,32,31.65,29,34.44,1            9
尼崎,4,1,3783,瓜生正義,49,福岡,53,A1,7.12,46.36,5.44,22.22,58,36.09,68,45.10,3            9
尼崎,4,2,4719,上條暢嵩,32,大阪,51,A1,7.41,46.67,6.92,32.00,5,34.84,67,45.86,64
尼崎,4,3,4188,久田敏之,44,群馬,52,A1,7.67,63.37,7.00,44.44,44,31.71,59,33.33,1           12
尼崎,4,4,4450,平高奈菜,38,香川,47,A2,5.92,45.36,6.47,50.00,37,40.51,71,31.76,66
尼崎,4,5,3876,中辻崇人,48,福岡,53,A1,7.76,70.09,7.94,67.74,7,30.38,45,41.18,5            8
尼崎,4,6,4205,山口剛,43,広島,53,A1,6.99,43.52,8.94,72.22,13,28.31,56,34.42,1           10
尼崎,5,1,4337,平本真之,41,愛知,56,A1,7.05,49.12,8.50,50.00,49,36.81,12,36.13,3           11
尼崎,5,2,4524,深谷知博,37,静岡,53,A1,7.13,44.78,5.60,24.44,48,30.12,70,35.10,2           12
尼崎,5,3,4530,小野生奈,37,福岡,46,A1,7.18,59.66,6.66,44.83,53,34.19,32,34.00,6            1
尼崎,5,4,3952,中澤和志,49,埼玉,54,A1,6.81,50.94,7.45,62.07,50,36.69,61,36.36,5S
尼崎,5,5,4961,西橋奈未,29,福井,47,A1,6.99,52.89,5.67,33.33,23,33.73,11,35.48,25
尼崎,5,6,4238,毒島誠,42,群馬,53,B2,8.34,59.68,8.94,52.94,34,30.54,15,38.93,1            9
尼崎,6,1,4686,丸野一樹,34,滋賀,54,A1,6.76,38.05,7.20,44.44,27,36.88,33,33.11,46
尼崎,6,2,4851,関浩哉,31,群馬,50,A1,7.34,49.61,8.29,58.82,17,28.22,53,33.33,6            2
尼崎,6,3,4590,渡邉優美,33,福岡,48,A1,7.29,53.77,0.00,0.00,61,38.75,69,33.76,55
尼崎,6,4,3946,赤岩善生,49,愛知,56,A1,7.13,53.46,7.08,48.00,35,30.82,24,37.82,5            2
尼崎,6,5,5142,常住蓮,25,佐賀,51,A1,7.34,58.33,7.21,47.37,45,34.76,57,29.56,4            1
尼崎,6,6,3854,吉川元浩,53,兵庫,51,A1,6.64,44.70,7.96,63.96,19,42.86,28,40.69,16
尼崎,7,1,4320,峰竜太,40,佐賀,51,A1,7.91,54.00,9.11,55.56,16,42.50,30,32.03,3           11
尼崎,7,2,4848,仲谷颯仁,31,福岡,52,A1,7.00,46.40,7.83,72.22,2,39.75,62,40.40,4            3
尼崎,7,3,4456,鎌倉涼,36,大阪,45,A1,7.13,58.00,7.48,62.07,38,35.26,54,36.00,44
尼崎,7,4,5068,前田滉,25,愛知,51,A1,7.62,59.84,8.10,70.00,4,41.21,21,41.06,4            1
尼崎,7,5,4030,森高一真,47,香川,49,A1,6.34,34.07,6.39,39.29,9,47.37,31,30.20,5            2
尼崎,7,6,4444,桐生順平,39,埼玉,52,A1,7.38,45.61,7.85,51.22,30,33.13,22,29.61,24
尼崎,8,1,4586,磯部誠,35,愛知,55,A1,7.04,49.15,6.57,28.57,33,39.76,60,34.44,5            3
尼崎,8,2,4503,上野真之,37,佐賀,51,A1,7.26,52.31,8.00,69.44,55,35.15,14,34.38,6            1
尼崎,8,3,4546,浜田亜理,37,埼玉,47,A1,6.63,48.10,7.31,65.52,26,38.89,44,36.13,6            2
尼崎,8,4,3876,中辻崇人,48,福岡,53,A1,7.76,70.09,7.94,67.74,7,30.38,45,41.18,5            4
尼崎,8,5,3719,辻栄蔵,50,広島,53,A1,6.92,45.36,6.44,11.11,52,35.98,38,36.13,5            3
尼崎,8,6,4371,西山貴浩,38,福岡,52,A1,6.45,29.91,6.50,37.50,14,34.78,50,34.46,5            2
尼崎,9,1,3897,白井英治,49,山口,54,A1,6.90,36.46,6.17,45.83,32,31.65,29,34.44,1            3
尼崎,9,2,4238,毒島誠,42,群馬,53,B2,8.34,59.68,8.94,52.94,34,30.54,15,38.93,1            5
尼崎,9,3,4262,馬場貴也,41,滋賀,53,A1,7.47,52.46,7.52,43.48,3,31.90,25,30.77,22
尼崎,9,4,4044,湯川浩司,46,大阪,52,A1,6.70,45.97,6.91,45.65,21,30.91,73,29.87,62
尼崎,9,5,3783,瓜生正義,49,福岡,53,A1,7.12,46.36,5.44,22.22,58,36.09,68,45.10,3            4
尼崎,9,6,4166,吉田拡郎,43,岡山,54,A1,7.18,45.90,7.43,57.14,6,45.06,46,31.85,43
尼崎,10,1,5084,末永和也,26,佐賀,54,A1,7.65,51.24,6.75,41.67,43,31.93,74,35.48,1            2
尼崎,10,2,4205,山口剛,43,広島,53,A1,6.99,43.52,8.94,72.22,13,28.31,56,34.42,1            4
尼崎,10,3,4344,新田雄史,40,三重,53,A1,7.41,49.59,7.06,50.00,8,46.91,37,48.34,32
尼崎,10,4,3779,原田幸哉,50,長崎,53,A1,6.86,45.63,7.33,50.00,28,42.04,26,39.35,2            1
尼崎,10,5,3721,守田俊介,50,滋賀,55,A1,6.90,51.33,7.60,72.50,60,33.53,43,39.61,43
尼崎,10,6,4760,山崎郡,36,大阪,52,A1,7.25,54.36,8.31,74.03,29,30.49,40,31.76,63
尼崎,11,1,3941,池田浩二,47,愛知,53,A1,8.03,55.00,7.88,60.00,41,36.42,16,41.18,31
尼崎,11,2,4482,守屋美穂,37,岡山,44,A1,6.35,42.19,8.62,71.43,57,42.14,35,37.18,31
尼崎,11,3,4500,山田康二,38,佐賀,55,A1,7.53,51.56,7.03,38.71,1,32.72,75,32.03,52
尼崎,11,4,4573,佐藤翼,37,埼玉,53,A1,6.75,38.94,7.44,37.04,40,37.89,23,30.77,12
尼崎,11,5,4320,峰竜太,40,佐賀,51,A1,7.91,54.00,9.11,55.56,16,42.50,30,32.03,3            7
尼崎,11,6,4337,平本真之,41,愛知,56,A1,7.05,49.12,8.50,50.00,49,36.81,12,36.13,3            5
尼崎,12,1,4418,茅原悠紀,38,岡山,54,A1,7.87,53.15,7.63,45.71,25,38.65,27,40.79,31
尼崎,12,2,4188,久田敏之,44,群馬,52,A1,7.67,63.37,7.00,44.44,44,31.71,59,33.33,1            4
尼崎,12,3,4502,遠藤エミ,37,滋賀,45,A1,7.71,58.82,6.22,33.33,36,36.02,13,30.46,12
尼崎,12,4,4524,深谷知博,37,静岡,53,A1,7.13,44.78,5.60,24.44,48,30.12,70,35.10,2            5
尼崎,12,5,4914,吉田裕平,29,愛知,51,A1,7.31,50.43,8.17,61.11,10,29.70,42,34.67,23
尼崎,12,6,4445,宮地元輝,39,佐賀,55,A1,6.91,36.84,8.06,58.82,59,30.43,47,32.69,3            3
三国,1,1,5010,宇留田翔,28,三重,54,A2,5.91,42.86,5.71,38.10,47,34.60,12,32.50,4 35         7
三国,1,2,5300,横田海人,23,愛知,52,B1,2.47,6.25,2.10,3.45,50,31.78,37,36.62,616          5
三国,1,3,5181,森智哉,27,岡山,52,B1,4.60,26.88,4.89,33.33,70,34.74,21,27.91,231          9
三国,1,4,5290,坂本一真,24,東京,51,B1,3.35,13.54,0.00,0.00,21,37.98,28,34.55,5 43        10
三国,1,5,5301,岩下巧斗,23,群馬,51,B1,4.18,22.73,0.00,0.00,61,32.73,20,32.57,4 42        11
三国,1,6,5356,長谷川暖,21,岡山,49,B1,5.05,32.65,4.71,14.29,42,26.09,50,37.67,6 6F
三国,2,1,5018,竹下大樹,26,福岡,55,A1,6.47,51.06,4.67,29.63,60,31.38,45,32.08,561         10
三国,2,2,5257,西丸侑太,21,香川,52,A1,6.25,43.27,5.19,32.26,15,38.50,22,34.31,3 62         6
三国,2,3,5369,岡崎凪汰,23,長崎,51,B1,2.91,12.07,0.00,0.00,22,38.07,40,35.35,5 64         8
三国,2,4,5252,荒木颯斗,23,愛知,52,A2,5.62,34.21,4.40,25.00,24,39.23,61,31.47,413         11
三国,2,5,5311,小林京平,27,山口,52,B1,4.98,29.52,3.12,8.00,67,32.84,67,39.63,355
三国,2,6,5178,成貞琳平,29,愛知,54,B1,3.89,18.63,3.43,14.29,29,34.78,47,37.50,2 16         7
三国,3,1,5224,西岡顕心,24,香川,51,A1,7.01,50.00,5.66,25.71,11,29.33,16,26.20,2121         9
三国,3,2,5261,岡暢祐,27,長崎,51,B1,4.14,17.28,2.78,0.00,59,34.65,48,31.78,524          8
三国,3,3,5298,水谷理人,23,香川,51,A2,6.61,47.54,4.38,18.75,56,47.98,44,36.62,3313        12
三国,3,4,5238,笹木香吾,26,山口,53,A2,5.83,44.17,2.00,0.00,62,34.93,70,32.68,1 24        10
三国,3,5,5337,出畑孝成,19,福岡,54,B1,3.57,16.00,0.00,0.00,40,38.65,52,31.92,2 42         7
三国,3,6,5405,竹内来,21,愛知,52,B2,1.80,1.56,0.83,0.00,27,30.29,26,40.20,656
三国,4,1,5243,三馬崇史,25,広島,54,A2,5.25,33.68,3.71,21.82,19,32.84,19,36.45,164         12
三国,4,2,5330,安河内鈴,22,福岡,51,A2,6.18,44.30,4.38,25.00,63,33.17,51,35.94,1 33        11
三国,4,3,5321,一色颯輝,24,愛知,55,B2,5.30,39.13,4.14,20.00,43,40.28,58,24.87,425          8
三国,4,4,5185,加藤優弥,26,福井,53,B1,5.08,24.73,4.82,25.74,55,29.86,63,28.36,2 23        10
三国,4,5,5134,大原祥昌,26,広島,54,B1,5.35,34.23,4.70,20.00,12,33.65,35,32.20,3 24         9
三国,4,6,5388,佐野優都,19,徳島,52,B1,4.35,21.43,2.00,0.00,25,34.55,42,32.38,4 66
三国,5,1,5278,田中駿兵,23,徳島,51,A1,6.91,57.02,4.60,20.00,13,41.28,38,36.74,5321
三国,5,2,5223,森清友翔,24,福岡,55,B1,4.38,23.40,4.55,26.32,37,36.61,25,34.78,355         10
三国,5,3,5170,佐藤太亮,25,岡山,51,B1,4.35,24.71,4.25,16.67,45,35.48,62,36.15,223         12
三国,5,4,5234,塚越海斗,27,群馬,54,A2,6.30,44.72,4.53,23.53,18,37.76,46,35.32,1113        11
三国,5,5,5288,尾道佳諭,26,埼玉,54,B1,3.54,17.39,0.00,0.00,17,35.07,72,33.17,6 55
三国,5,6,5300,横田海人,23,愛知,52,B1,2.47,6.25,2.10,3.45,50,31.78,37,36.62,616          1
三国,6,1,5167,小川竜太,25,埼玉,52,B1,4.63,21.11,3.11,11.11,54,33.04,41,36.57,232         11
三国,6,2,5158,宮脇遼太,27,福岡,54,A2,6.16,41.80,5.11,22.22,31,40.95,32,24.75,1445        12
三国,6,3,5294,豊田祥生,23,静岡,50,B1,3.86,16.49,2.28,6.90,69,29.13,39,30.29,563
三国,6,4,5237,永松良教,26,福岡,55,B1,4.49,27.16,2.67,16.67,39,37.09,64,28.13,6 46
三国,6,5,5384,八戸琉楓,21,長崎,53,B1,1.76,1.41,0.00,0.00,44,33.80,14,28.22,5 55
三国,6,6,5257,西丸侑太,21,香川,52,A1,6.25,43.27,5.19,32.26,15,38.50,22,34.31,3 62         2
三国,7,1,5331,佐藤永梧,22,東京,54,B1,4.01,24.36,3.86,13.64,14,33.33,30,34.88,445
三国,7,2,5178,成貞琳平,29,愛知,54,B1,3.89,18.63,3.43,14.29,29,34.78,47,37.50,2 16         2
三国,7,3,5010,宇留田翔,28,三重,54,A2,5.91,42.86,5.71,38.10,47,34.60,12,32.50,4 35         1
三国,7,4,5256,中山翔太,21,三重,52,A1,6.81,50.75,5.72,38.89,49,36.99,68,34.45,412         11
三国,7,5,5132,中野希一,26,埼玉,53,A1,7.03,54.47,5.19,41.94,41,36.62,15,33.33,3442        12
三国,7,6,5337,出畑孝成,19,福岡,54,B1,3.57,16.00,0.00,0.00,40,38.65,52,31.92,2 42         3
三国,8,1,5369,岡崎凪汰,23,長崎,51,B1,2.91,12.07,0.00,0.00,22,38.07,40,35.35,5 64         2
三国,8,2,5160,藤森陸斗,26,福岡,53,A2,4.95,29.13,5.65,41.18,16,31.40,71,41.74,2514
三国,8,3,5282,中本大樹,22,福井,53,B1,3.94,14.94,3.05,9.71,46,36.28,11,40.09,331         12
三国,8,4,5034,若林義人,27,静岡,57,A1,6.15,47.65,7.13,37.50,66,37.07,49,31.90,4511
三国,8,5,5261,岡暢祐,27,長崎,51,B1,4.14,17.28,2.78,0.00,59,34.65,48,31.78,524          3
三国,8,6,5321,一色颯輝,24,愛知,55,B2,5.30,39.13,4.14,20.00,43,40.28,58,24.87,425          4
三国,9,1,5134,大原祥昌,26,広島,54,B1,5.35,34.23,4.70,20.00,12,33.65,35,32.20,3 24         4
三国,9,2,5263,花田凱成,27,福岡,52,B1,4.09,17.17,3.24,11.76,58,29.73,27,33.18,6 35
三国,9,3,5089,前田翔,25,愛知,51,A1,6.98,57.89,7.14,54.55,53,32.54,54,40.58,1231
三国,9,4,5181,森智哉,27,岡山,52,B1,4.60,26.88,4.89,33.33,70,34.74,21,27.91,231          1
三国,9,5,5224,西岡顕心,24,香川,51,A1,7.01,50.00,5.66,25.71,11,29.33,16,26.20,2121         3
三国,9,6,5366,塩嶋泰空,24,福井,56,B2,1.09,0.00,1.07,0.00,33,34.70,59,38.57,6 66
三国,10,1,5223,森清友翔,24,福岡,55,B1,4.38,23.40,4.55,26.32,37,36.61,25,34.78,355          5
三国,10,2,5238,笹木香吾,26,山口,53,A2,5.83,44.17,2.00,0.00,62,34.93,70,32.68,1 24         3
三国,10,3,5290,坂本一真,24,東京,51,B1,3.35,13.54,0.00,0.00,21,37.98,28,34.55,5 43         1
三国,10,4,5018,竹下大樹,26,福岡,55,A1,6.47,51.06,4.67,29.63,60,31.38,45,32.08,561          2
三国,10,5,5185,加藤優弥,26,福井,53,B1,5.08,24.73,4.82,25.74,55,29.86,63,28.36,2 23         4
三国,10,6,5114,小林孝彰,26,福井,52,A2,5.35,35.57,4.96,30.83,38,42.58,29,30.20,1452
三国,11,1,5252,荒木颯斗,23,愛知,52,A2,5.62,34.21,4.40,25.00,24,39.23,61,31.47,413          2
三国,11,2,5256,中山翔太,21,三重,52,A1,6.81,50.75,5.72,38.89,49,36.99,68,34.45,412          7
三国,11,3,5301,岩下巧斗,23,群馬,51,B1,4.18,22.73,0.00,0.00,61,32.73,20,32.57,4 42         1
三国,11,4,5330,安河内鈴,22,福岡,51,A2,6.18,44.30,4.38,25.00,63,33.17,51,35.94,1 33         4
三国,11,5,5167,小川竜太,25,埼玉,52,B1,4.63,21.11,3.11,11.11,54,33.04,41,36.57,232          6
三国,11,6,5234,塚越海斗,27,群馬,54,A2,6.30,44.72,4.53,23.53,18,37.76,46,35.32,1113         5
三国,12,1,5132,中野希一,26,埼玉,53,A1,7.03,54.47,5.19,41.94,41,36.62,15,33.33,3442         7
三国,12,2,5243,三馬崇史,25,広島,54,A2,5.25,33.68,3.71,21.82,19,32.84,19,36.45,164          4
三国,12,3,5158,宮脇遼太,27,福岡,54,A2,6.16,41.80,5.11,22.22,31,40.95,32,24.75,1445         6
三国,12,4,5170,佐藤太亮,25,岡山,51,B1,4.35,24.71,4.25,16.67,45,35.48,62,36.15,223          5
三国,12,5,5298,水谷理人,23,香川,51,A2,6.61,47.54,4.38,18.75,56,47.98,44,36.62,3313         3
三国,12,6,5282,中本大樹,22,福井,53,B1,3.94,14.94,3.05,9.71,46,36.28,11,40.09,331          8
蒲郡,1,1,3929,杢野誓良,50,愛知,50,B1,4.44,24.21,5.16,34.21,56,30.77,68,34.88,9
蒲郡,1,2,4273,佐藤旭,43,静岡,52,B1,4.72,26.67,4.80,25.00,32,31.58,67,27.96,10
蒲郡,1,3,5340,樋江井舞,24,愛知,44,B1,3.33,8.79,2.36,3.03,28,37.70,34,28.89,
蒲郡,1,4,4181,花本夏樹,42,三重,54,B1,4.03,17.65,5.10,30.00,45,16.13,75,33.33,6
蒲郡,1,5,3430,角浜修,57,広島,55,B1,3.98,19.44,3.72,22.22,36,36.36,49,37.80,8
蒲郡,1,6,3906,飯山晃三,48,長崎,61,B1,3.82,22.73,0.00,0.00,35,36.45,20,38.54,7
蒲郡,2,1,4027,松江秀徳,47,佐賀,55,B1,5.38,31.73,6.56,37.50,62,27.27,74,37.14,
蒲郡,2,2,4117,廣中智紗,44,東京,46,A1,6.01,40.51,5.76,38.78,68,36.05,12,42.74,11
蒲郡,2,3,5101,表健太,29,福岡,54,B1,3.64,20.83,0.00,0.00,30,29.91,29,20.55,7
蒲郡,2,4,5085,中村栄治,26,福井,52,B1,5.24,30.09,0.00,0.00,16,31.20,19,34.82,8
蒲郡,2,5,3920,正木聖賢,51,広島,56,A2,5.43,36.08,4.90,23.81,47,23.33,46,32.41,10
蒲郡,2,6,5354,渡邊雄斗,21,三重,51,B2,2.30,5.26,1.25,0.00,25,17.39,63,25.58,
蒲郡,3,1,5165,小林愛実,25,岡山,47,B1,5.09,27.06,3.44,0.00,67,19.51,59,27.71,11
蒲郡,3,2,5275,松田淳平,23,三重,53,A2,6.21,45.92,4.41,14.81,20,27.27,57,23.30,
蒲郡,3,3,4234,野相弘司,42,福岡,60,B1,4.93,26.32,4.24,17.65,22,35.24,64,28.42,9
蒲郡,3,4,4213,重富伸也,41,長崎,53,B1,4.78,34.12,6.30,50.00,19,33.07,54,28.83,8
蒲郡,3,5,5315,浅井翼,25,埼玉,50,B1,2.79,10.67,1.94,5.56,69,19.72,14,43.33,
蒲郡,3,6,4080,山崎哲司,47,愛知,52,A1,6.45,51.52,6.40,47.78,17,30.65,65,36.45,12
蒲郡,4,1,4380,鈴木峻佑,41,静岡,53,B1,4.51,25.26,3.69,14.29,71,26.96,73,22.92,
蒲郡,4,2,4451,松崎祐太,38,福岡,52,A1,6.02,42.06,5.22,33.33,66,21.43,72,37.37,12
蒲郡,4,3,3641,一瀬明,54,東京,51,A2,5.85,40.00,5.58,38.46,14,14.81,62,23.81,8
蒲郡,4,4,4901,出口舞有,33,愛知,45,B2,4.03,20.83,4.17,20.00,73,25.64,58,25.00,11
蒲郡,4,5,3998,冨成謙児,46,佐賀,52,B1,4.60,24.69,5.55,27.27,52,35.45,18,29.63,9
蒲郡,4,6,5430,鳥本智史,21,三重,52,B2,1.95,4.55,0.00,0.00,12,15.28,15,41.51,
蒲郡,5,1,3566,川添英正,55,福岡,53,B1,5.27,32.29,5.35,38.46,72,35.20,41,20.83,
蒲郡,5,2,4436,渋谷明憲,39,大阪,53,A2,6.26,46.67,6.94,61.11,41,26.26,52,28.57,9
蒲郡,5,3,4093,吉田宗弘,44,東京,50,B1,4.17,15.85,3.63,13.33,70,35.58,11,29.11,10
蒲郡,5,4,5310,土屋蘭,21,岡山,49,B1,3.54,11.54,0.00,0.00,27,32.08,13,36.44,11
蒲郡,5,5,5397,寺田夢生,24,山口,48,B2,1.16,0.00,0.00,0.00,61,37.69,53,46.61,
蒲郡,5,6,4391,松田祐季,39,福井,52,A1,6.59,48.25,6.55,47.30,49,33.64,21,26.37,12
蒲郡,6,1,4181,花本夏樹,42,三重,54,B1,4.03,17.65,5.10,30.00,45,16.13,75,33.33,1
蒲郡,6,2,4494,河合佑樹,38,静岡,51,A1,6.91,41.67,6.60,47.92,51,18.46,51,34.21,12
蒲郡,6,3,5081,篠原飛翔,27,福岡,53,A2,5.82,39.68,4.90,12.90,31,36.75,60,40.00,10
蒲郡,6,4,5146,野田彩加,22,山口,51,B1,5.07,27.38,4.52,14.81,48,30.34,71,41.41,11
蒲郡,6,5,5262,鈴木章司,27,愛知,53,B1,4.78,26.97,3.10,6.94,75,24.32,66,40.86,
蒲郡,6,6,5382,山下心一,21,福岡,53,B1,2.59,7.25,0.00,0.00,53,31.31,16,36.46,
蒲郡,7,1,4960,黒野元基,29,愛知,53,A1,7.05,59.23,6.91,54.41,39,36.45,17,42.11,12
蒲郡,7,2,3699,富永正人,53,埼玉,52,B1,4.64,24.29,4.09,21.74,23,11.67,61,43.44,
蒲郡,7,3,3906,飯山晃三,48,長崎,61,B1,3.82,22.73,0.00,0.00,35,36.45,20,38.54,1
蒲郡,7,4,4017,向井美鈴,46,山口,45,A2,5.23,32.29,4.80,30.00,11,26.23,55,26.92,11
蒲郡,7,5,4880,澤崎雄哉,30,東京,52,B1,4.71,23.08,4.27,18.18,37,24.00,70,26.60,
蒲郡,7,6,5101,表健太,29,福岡,54,B1,3.64,20.83,0.00,0.00,30,29.91,29,20.55,2
蒲郡,8,1,4850,野中一平,31,愛知,55,A1,6.46,46.60,7.17,61.04,46,25.24,76,27.96,12
蒲郡,8,2,5085,中村栄治,26,福井,52,B1,5.24,30.09,0.00,0.00,16,31.20,19,34.82,2
蒲郡,8,3,3430,角浜修,57,広島,55,B1,3.98,19.44,3.72,22.22,36,36.36,49,37.80,1
蒲郡,8,4,4803,飯田庄吾,32,福岡,58,B1,3.79,14.63,4.11,15.79,74,20.83,43,21.25,
蒲郡,8,5,3641,一瀬明,54,東京,51,A2,5.85,40.00,5.58,38.46,14,14.81,62,23.81,4
蒲郡,8,6,4213,重富伸也,41,長崎,53,B1,4.78,34.12,6.30,50.00,19,33.07,54,28.83,3
蒲郡,9,1,4171,榎幸司,43,長崎,53,A2,6.23,44.36,5.88,30.77,24,32.76,77,31.52,
蒲郡,9,2,3792,田中豪,53,東京,53,A2,6.69,54.02,5.44,36.36,15,25.00,56,25.00,
蒲郡,9,3,3998,冨成謙児,46,佐賀,52,B1,4.60,24.69,5.55,27.27,52,35.45,18,29.63,4
蒲郡,9,4,3929,杢野誓良,50,愛知,50,B1,4.44,24.21,5.16,34.21,56,30.77,68,34.88,1
蒲郡,9,5,4436,渋谷明憲,39,大阪,53,A2,6.26,46.67,6.94,61.11,41,26.26,52,28.57,5
蒲郡,9,6,4234,野相弘司,42,福岡,60,B1,4.93,26.32,4.24,17.65,22,35.24,64,28.42,3
蒲郡,10,1,4526,池田雄祐,37,愛知,51,A2,5.58,36.19,6.07,41.46,50,27.06,50,32.41,
蒲郡,10,2,4474,渡辺崇,38,福岡,56,B1,5.10,28.87,5.15,25.00,65,31.30,69,27.71,
蒲郡,10,3,3920,正木聖賢,51,広島,56,A2,5.43,36.08,4.90,23.81,47,23.33,46,32.41,2
蒲郡,10,4,4273,佐藤旭,43,静岡,52,B1,4.72,26.67,4.80,25.00,32,31.58,67,27.96,1
蒲郡,10,5,4093,吉田宗弘,44,東京,50,B1,4.17,15.85,3.63,13.33,70,35.58,11,29.11,5
蒲郡,10,6,5081,篠原飛翔,27,福岡,53,A2,5.82,39.68,4.90,12.90,31,36.75,60,40.00,6
蒲郡,11,1,4117,廣中智紗,44,東京,46,A1,6.01,40.51,5.76,38.78,68,36.05,12,42.74,2
蒲郡,11,2,4901,出口舞有,33,愛知,45,B2,4.03,20.83,4.17,20.00,73,25.64,58,25.00,4
蒲郡,11,3,4017,向井美鈴,46,山口,45,A2,5.23,32.29,4.80,30.00,11,26.23,55,26.92,7
蒲郡,11,4,5165,小林愛実,25,岡山,47,B1,5.09,27.06,3.44,0.00,67,19.51,59,27.71,3
蒲郡,11,5,5310,土屋蘭,21,岡山,49,B1,3.54,11.54,0.00,0.00,27,32.08,13,36.44,5
蒲郡,11,6,5146,野田彩加,22,山口,51,B1,5.07,27.38,4.52,14.81,48,30.34,71,41.41,6
蒲郡,12,1,4494,河合佑樹,38,静岡,51,A1,6.91,41.67,6.60,47.92,51,18.46,51,34.21,6
蒲郡,12,2,4080,山崎哲司,47,愛知,52,A1,6.45,51.52,6.40,47.78,17,30.65,65,36.45,3
蒲郡,12,3,4391,松田祐季,39,福井,52,A1,6.59,48.25,6.55,47.30,49,33.64,21,26.37,5
蒲郡,12,4,4850,野中一平,31,愛知,55,A1,6.46,46.60,7.17,61.04,46,25.24,76,27.96,8
蒲郡,12,5,4960,黒野元基,29,愛知,53,A1,7.05,59.23,6.91,54.41,39,36.45,17,42.11,7
蒲郡,12,6,4451,松崎祐太,38,福岡,52,A1,6.02,42.06,5.22,33.33,66,21.43,72,37.37,4
平和島,1,1,5041,荒牧凪沙,27,福岡,52,B1,5.21,34.44,4.11,22.22,60,45.08,59,40.20,5 35        10
平和島,1,2,3743,林美憲,51,徳島,53,A1,6.59,52.59,0.00,0.00,39,27.88,40,17.44,2 14        11
平和島,1,3,3339,泉具巳,60,兵庫,56,B1,4.26,24.69,5.68,31.58,29,32.69,46,30.85,642          6
平和島,1,4,4934,佐々木翔,29,大阪,56,A2,5.98,43.20,6.29,57.14,23,38.18,66,38.10,2 32        12
平和島,1,5,3544,豊田訓靖,57,静岡,52,B2,3.35,14.67,4.41,11.76,40,33.64,38,36.45,2 43         9
平和島,1,6,5341,山道諄也,24,群馬,55,B2,1.98,3.77,1.15,0.00,46,39.25,64,31.00,455          8
平和島,2,1,5325,澁川夏,22,大阪,52,B1,4.08,13.13,4.05,10.00,67,36.21,71,39.62,2 24        11
平和島,2,2,3605,中村守成,54,三重,54,B1,4.64,28.89,3.42,8.33,22,35.19,57,37.76,5 15         8
平和島,2,3,4989,石原翼,28,静岡,52,A2,5.73,37.96,5.88,50.00,41,44.86,45,28.72,636         10
平和島,2,4,3833,中辻博訓,51,福井,54,A1,6.71,52.99,6.71,47.06,72,34.55,43,26.80,1512         9
平和島,2,5,3712,淺香文武,51,三重,55,B1,4.62,30.38,5.00,35.71,37,36.84,39,30.77,2 26        12
平和島,2,6,5364,金子怜央,26,群馬,53,B2,1.73,3.92,1.28,0.00,51,31.43,69,32.04,6 65
平和島,3,1,5009,大賀龍之,28,福岡,56,B1,5.08,36.27,6.53,53.33,62,33.33,65,37.86,164          8
平和島,3,2,3654,武田光史,52,福井,52,A1,5.75,38.36,6.21,31.58,18,27.37,30,28.44,3246        12
平和島,3,3,4979,中野夢斗,29,愛知,52,A2,5.38,36.84,4.14,18.18,59,42.11,72,23.08,531          9
平和島,3,4,3630,黒田誠司,56,静岡,54,B2,3.63,10.00,3.00,0.00,63,42.20,44,39.64,666
平和島,3,5,4062,後藤陽介,46,愛知,58,B1,3.85,16.39,3.63,12.50,44,49.06,49,46.08,2 64        10
平和島,3,6,4959,井上忠政,29,大阪,52,A1,6.79,50.35,7.30,60.00,68,38.18,35,30.39,131          7
平和島,4,1,5006,久保原秀,29,群馬,54,B1,3.19,10.14,3.33,11.11,26,29.00,25,33.68,465
平和島,4,2,5043,中村日向,27,香川,53,A1,6.02,40.63,6.47,48.89,27,36.84,55,37.61,1423        11
平和島,4,3,5350,網代良芽,21,兵庫,51,B1,4.05,21.25,0.00,0.00,58,38.46,68,23.91,3 65
平和島,4,4,3412,鈴木博,56,埼玉,54,A2,6.08,42.22,6.59,48.28,75,34.29,33,35.40,211          8
平和島,4,5,3439,大平誉史,56,大阪,52,A2,6.10,37.50,6.38,47.50,45,37.84,54,32.65,4 12
平和島,4,6,3730,塩崎優司,53,愛知,53,B1,4.30,24.27,3.22,7.41,43,44.34,32,27.55,4 33         9
平和島,5,1,3590,濱野谷憲,52,東京,56,A1,7.07,50.38,7.25,55.79,55,50.00,61,42.20,263         10
平和島,5,2,5032,谷口知優,28,香川,52,B1,5.38,30.14,5.70,30.00,24,35.85,47,35.92,452         11
平和島,5,3,5253,藤井太雅,23,東京,52,B1,2.90,10.34,3.28,18.06,31,27.06,63,25.00,5 55
平和島,5,4,4103,山崎善庸,46,埼玉,54,B1,4.16,18.18,4.97,29.49,56,39.81,48,49.06,5 55
平和島,5,5,5246,楠将太郎,24,埼玉,52,B1,5.35,36.05,4.21,20.83,49,35.40,31,37.50,3 46        12
平和島,5,6,3977,山本兼士,48,大阪,53,B1,4.79,24.51,4.17,8.70,12,37.38,51,38.79,356
平和島,6,1,5313,鈴木唯央,25,群馬,52,B1,3.84,17.35,2.06,0.00,14,36.36,67,37.96,5 36
平和島,6,2,3915,繁野谷圭,51,大阪,53,A2,5.76,35.54,5.47,44.12,20,37.04,53,33.01,441         11
平和島,6,3,3990,芹澤克彦,47,静岡,53,B1,4.55,23.75,3.61,16.13,38,29.81,34,36.63,345
平和島,6,4,3339,泉具巳,60,兵庫,56,B1,4.26,24.69,5.68,31.58,29,32.69,46,30.85,642          1
平和島,6,5,5121,定松勇樹,24,佐賀,53,A1,7.34,57.98,0.00,0.00,34,48.18,50,36.26,1221
平和島,6,6,5035,櫻井優,27,埼玉,53,B1,4.80,27.27,4.00,16.28,57,33.33,60,25.56,111         10
平和島,7,1,3771,折下寛法,51,東京,52,B1,5.56,34.38,5.08,28.30,54,41.07,37,33.04,664
平和島,7,2,4959,井上忠政,29,大阪,52,A1,6.79,50.35,7.30,60.00,68,38.18,35,30.39,131          3
平和島,7,3,5002,上田健太,29,愛知,51,A2,6.03,40.57,7.00,40.00,28,33.33,27,32.08,3 53        12
平和島,7,4,5359,佐藤世那,19,東京,53,B1,3.95,18.29,2.65,6.67,66,33.94,26,37.17,466
平和島,7,5,3776,横井健太,50,愛知,58,B1,3.11,10.00,3.79,24.14,64,23.53,58,27.88,354
平和島,7,6,4076,杉田篤光,47,静岡,53,A2,5.34,31.78,5.66,40.63,61,29.00,62,37.63,4 22
平和島,8,1,3412,鈴木博,56,埼玉,54,A2,6.08,42.22,6.59,48.28,75,34.29,33,35.40,211          4
平和島,8,2,5009,大賀龍之,28,福岡,56,B1,5.08,36.27,6.53,53.33,62,33.33,65,37.86,164          3
平和島,8,3,3605,中村守成,54,三重,54,B1,4.64,28.89,3.42,8.33,22,35.19,57,37.76,5 15         2
平和島,8,4,3744,徳増秀樹,51,静岡,54,A1,6.13,45.97,6.93,47.95,36,34.91,36,23.08,313         12
平和島,8,5,5341,山道諄也,24,群馬,55,B2,1.98,3.77,1.15,0.00,46,39.25,64,31.00,455          1
平和島,8,6,4981,牧山敦也,29,佐賀,52,B1,5.09,31.40,6.00,33.33,48,25.49,29,32.69,F 4
平和島,9,1,5092,篠原晟弥,25,福岡,52,A2,6.20,44.21,6.24,52.94,17,36.54,70,39.81,2113
平和島,9,2,3833,中辻博訓,51,福井,54,A1,6.71,52.99,6.71,47.06,72,34.55,43,26.80,1512         2
平和島,9,3,3544,豊田訓靖,57,静岡,52,B2,3.35,14.67,4.41,11.76,40,33.64,38,36.45,2 43         1
平和島,9,4,4962,畑竜生,29,三重,53,A2,6.15,41.07,4.80,30.00,71,37.93,52,39.09,3124
平和島,9,5,3730,塩崎優司,53,愛知,53,B1,4.30,24.27,3.22,7.41,43,44.34,32,27.55,4 33         4
平和島,9,6,4979,中野夢斗,29,愛知,52,A2,5.38,36.84,4.14,18.18,59,42.11,72,23.08,531          3
平和島,10,1,4102,益田啓司,46,福岡,52,A1,6.47,48.21,6.29,50.00,50,27.27,28,22.64,2516
平和島,10,2,5035,櫻井優,27,埼玉,53,B1,4.80,27.27,4.00,16.28,57,33.33,60,25.56,111          6
平和島,10,3,3590,濱野谷憲,52,東京,56,A1,7.07,50.38,7.25,55.79,55,50.00,61,42.20,263          5
平和島,10,4,4989,石原翼,28,静岡,52,A2,5.73,37.96,5.88,50.00,41,44.86,45,28.72,636          2
平和島,10,5,5041,荒牧凪沙,27,福岡,52,B1,5.21,34.44,4.11,22.22,60,45.08,59,40.20,5 35         1
平和島,10,6,4062,後藤陽介,46,愛知,58,B1,3.85,16.39,3.63,12.50,44,49.06,49,46.08,2 64         3
平和島,11,1,5043,中村日向,27,香川,53,A1,6.02,40.63,6.47,48.89,27,36.84,55,37.61,1423         4
平和島,11,2,5325,澁川夏,22,大阪,52,B1,4.08,13.13,4.05,10.00,67,36.21,71,39.62,2 24         2
平和島,11,3,3915,繁野谷圭,51,大阪,53,A2,5.76,35.54,5.47,44.12,20,37.04,53,33.01,441          6
平和島,11,4,3743,林美憲,51,徳島,53,A1,6.59,52.59,0.00,0.00,39,27.88,40,17.44,2 14         1
平和島,11,5,5032,谷口知優,28,香川,52,B1,5.38,30.14,5.70,30.00,24,35.85,47,35.92,452          5
平和島,11,6,3627,井上恵一,56,福岡,54,A2,5.54,40.59,2.22,0.00,25,41.07,56,30.28,1 34
平和島,12,1,3744,徳増秀樹,51,静岡,54,A1,6.13,45.97,6.93,47.95,36,34.91,36,23.08,313          8
平和島,12,2,4934,佐々木翔,29,大阪,56,A2,5.98,43.20,6.29,57.14,23,38.18,66,38.10,2 32         1
平和島,12,3,5246,楠将太郎,24,埼玉,52,B1,5.35,36.05,4.21,20.83,49,35.40,31,37.50,3 46         5
平和島,12,4,3654,武田光史,52,福井,52,A1,5.75,38.36,6.21,31.58,18,27.37,30,28.44,3246         3
平和島,12,5,5002,上田健太,29,愛知,51,A2,6.03,40.57,7.00,40.00,28,33.33,27,32.08,3 53         7
平和島,12,6,3712,淺香文武,51,三重,55,B1,4.62,30.38,5.00,35.71,37,36.84,39,30.77,2 26         2
江戸川,1,1,4891,寺島美里,36,東京,47,B1,4.24,19.78,6.11,45.71,36,40.76,13,33.54,8
江戸川,1,2,5297,南彩寧,23,兵庫,49,B1,2.63,7.95,0.00,0.00,37,38.99,18,33.33,7
江戸川,1,3,4510,坂本奈央,37,福岡,48,B2,3.62,14.29,0.00,0.00,35,30.32,53,32.05,11
江戸川,1,4,5360,高木茉白,19,埼玉,47,B1,2.71,6.94,2.00,6.25,70,32.91,70,36.65,
江戸川,1,5,5078,山川波乙,28,三重,45,B1,3.92,21.05,0.00,0.00,59,40.40,37,35.22,6
江戸川,1,6,5415,阿部未侑,20,東京,54,B2,1.19,0.00,0.00,0.00,34,34.81,50,33.91,5
江戸川,2,1,5295,田上凜,23,大阪,48,B1,3.91,17.07,4.20,20.00,62,41.14,21,30.49,
江戸川,2,2,4893,渡邉真奈,35,東京,48,B1,4.84,30.88,5.69,38.18,55,36.88,69,40.33,6
江戸川,2,3,4548,篠木亜衣,37,三重,49,B2,3.22,12.70,0.00,0.00,60,37.50,57,33.33,7
江戸川,2,4,4484,稲生夏季,35,東京,50,B1,5.14,29.03,3.59,11.76,41,36.59,35,31.48,9
江戸川,2,5,5410,今泉澪,20,愛知,50,B2,1.52,2.82,0.00,0.00,32,29.45,68,43.15,8
江戸川,2,6,4746,大豆生蒼,31,埼玉,48,A2,5.15,27.42,6.31,48.57,58,31.88,60,30.32,11
江戸川,3,1,5195,北村寧々,24,長崎,47,B1,5.40,28.21,0.00,0.00,49,43.48,49,33.76,10
江戸川,3,2,4464,山下友貴,39,静岡,44,B1,5.82,40.48,6.17,41.67,38,31.61,39,33.95,11
江戸川,3,3,5322,根岸真優,23,埼玉,44,B2,1.83,0.00,1.41,0.00,12,32.89,46,38.36,
江戸川,3,4,4927,関野文,32,大阪,44,A2,5.62,35.20,7.70,65.00,51,34.19,34,36.11,9
江戸川,3,5,4414,大澤真菜,39,東京,45,B1,4.28,26.39,3.69,17.24,45,26.90,71,34.42,8
江戸川,3,6,4098,赤澤文香,43,岡山,49,B1,4.24,16.00,4.57,35.71,67,29.45,41,31.79,
江戸川,4,1,4283,石井裕美,42,東京,51,B1,4.74,22.22,5.86,37.93,47,30.32,29,36.60,10
江戸川,4,2,5151,山下奈緒,30,大阪,48,B1,3.51,8.75,4.21,21.43,48,44.44,27,30.82,8
江戸川,4,3,5194,大久保佑,24,埼玉,44,B1,4.47,28.85,6.60,60.00,54,32.28,65,31.11,9
江戸川,4,4,4536,喜井つか,36,岡山,48,A2,6.27,43.24,6.74,40.74,26,28.10,16,39.62,
江戸川,4,5,4680,後藤美翼,35,東京,45,B1,5.23,26.67,6.64,42.86,50,29.61,32,31.14,11
江戸川,4,6,5399,長野未来,23,三重,43,B2,1.36,0.00,0.00,0.00,25,31.21,55,33.10,
江戸川,5,1,4385,鈴木祐美,40,三重,50,B1,3.54,10.00,5.75,25.00,40,44.65,59,39.74,9
江戸川,5,2,4694,高田綾,41,福岡,44,B1,4.80,27.08,5.00,30.30,64,31.01,51,42.57,
江戸川,5,3,4286,平田さや,41,東京,48,A2,5.40,29.85,6.26,41.18,46,31.41,24,33.97,11
江戸川,5,4,3528,笠野友紀,54,愛知,48,B1,4.01,15.94,0.00,0.00,63,39.87,25,39.49,
江戸川,5,5,5415,阿部未侑,20,東京,54,B2,1.19,0.00,0.00,0.00,34,34.81,50,33.91,1
江戸川,5,6,3357,福島陽子,57,岡山,48,B1,3.60,16.67,5.35,30.77,52,34.81,64,31.58,10
江戸川,6,1,4499,滝川真由,38,長崎,46,B1,5.57,38.04,0.00,0.00,16,31.88,12,32.72,
江戸川,6,2,4519,清水沙樹,38,東京,44,A2,5.54,41.30,6.44,52.59,61,35.80,23,42.95,12
江戸川,6,3,5287,滝沢織寧,26,埼玉,47,B1,3.18,9.64,2.22,0.00,57,35.29,43,30.66,10
江戸川,6,4,5078,山川波乙,28,三重,45,B1,3.92,21.05,0.00,0.00,59,40.40,37,35.22,1
江戸川,6,5,4893,渡邉真奈,35,東京,48,B1,4.84,30.88,5.69,38.18,55,36.88,69,40.33,2
江戸川,6,6,5346,中村紋夕,22,愛知,47,B2,2.27,4.55,0.00,0.00,17,40.00,58,44.52,
江戸川,7,1,5272,松田真実,24,愛知,47,B1,3.61,21.25,1.44,0.00,23,28.40,17,31.39,
江戸川,7,2,4548,篠木亜衣,37,三重,49,B2,3.22,12.70,0.00,0.00,60,37.50,57,33.33,2
江戸川,7,3,5297,南彩寧,23,兵庫,49,B1,2.63,7.95,0.00,0.00,37,38.99,18,33.33,1
江戸川,7,4,3994,小野桜,46,滋賀,46,B1,5.32,33.33,4.86,23.81,18,39.35,38,30.23,
江戸川,7,5,3207,田村美和,60,東京,52,B1,3.45,10.71,5.52,36.36,14,34.18,36,40.29,
江戸川,7,6,5088,高憧四季,26,大阪,43,A1,7.08,58.33,5.25,45.00,56,47.74,45,35.84,12
江戸川,8,1,5151,山下奈緒,30,大阪,48,B1,3.51,8.75,4.21,21.43,48,44.44,27,30.82,4
江戸川,8,2,4473,藤堂里香,38,福井,45,A2,4.98,30.30,6.50,50.00,24,28.48,47,35.37,
江戸川,8,3,4414,大澤真菜,39,東京,45,B1,4.28,26.39,3.69,17.24,45,26.90,71,34.42,3
江戸川,8,4,4300,加藤綾,42,三重,50,B1,4.20,21.74,2.93,13.33,66,37.11,54,35.39,
江戸川,8,5,4891,寺島美里,36,東京,47,B1,4.24,19.78,6.11,45.71,36,40.76,13,33.54,1
江戸川,8,6,5410,今泉澪,20,愛知,50,B2,1.52,2.82,0.00,0.00,32,29.45,68,43.15,2
江戸川,9,1,4927,関野文,32,大阪,44,A2,5.62,35.20,7.70,65.00,51,34.19,34,36.11,3
江戸川,9,2,5314,中曽瑠華,25,東京,51,B2,2.50,7.35,2.55,0.00,10,28.37,52,31.47,
江戸川,9,3,4240,今井裕梨,41,群馬,44,A2,5.66,43.48,6.82,51.52,21,36.77,48,39.39,
江戸川,9,4,4385,鈴木祐美,40,三重,50,B1,3.54,10.00,5.75,25.00,40,44.65,59,39.74,5
江戸川,9,5,4484,稲生夏季,35,東京,50,B1,5.14,29.03,3.59,11.76,41,36.59,35,31.48,2
江戸川,9,6,5194,大久保佑,24,埼玉,44,B1,4.47,28.85,6.60,60.00,54,32.28,65,31.11,4
江戸川,10,1,4627,藤原菜希,39,東京,48,A2,5.70,37.25,6.95,54.55,69,53.42,30,29.63,
江戸川,10,2,4347,魚谷香織,40,福岡,46,A2,5.97,39.39,0.00,0.00,27,38.36,19,30.11,
江戸川,10,3,5195,北村寧々,24,長崎,47,B1,5.40,28.21,0.00,0.00,49,43.48,49,33.76,3
江戸川,10,4,3357,福島陽子,57,岡山,48,B1,3.60,16.67,5.35,30.77,52,34.81,64,31.58,5
江戸川,10,5,4283,石井裕美,42,東京,51,B1,4.74,22.22,5.86,37.93,47,30.32,29,36.60,4
江戸川,10,6,5287,滝沢織寧,26,埼玉,47,B1,3.18,9.64,2.22,0.00,57,35.29,43,30.66,6
江戸川,11,1,4286,平田さや,41,東京,48,A2,5.40,29.85,6.26,41.18,46,31.41,24,33.97,5
江戸川,11,2,5264,登みひ果,26,兵庫,45,B1,4.70,25.00,0.00,0.00,15,31.58,62,36.81,
江戸川,11,3,4746,大豆生蒼,31,埼玉,48,A2,5.15,27.42,6.31,48.57,58,31.88,60,30.32,2
江戸川,11,4,4680,後藤美翼,35,東京,45,B1,5.23,26.67,6.64,42.86,50,29.61,32,31.14,4
江戸川,11,5,4464,山下友貴,39,静岡,44,B1,5.82,40.48,6.17,41.67,38,31.61,31,29.56,3
江戸川,11,6,4510,坂本奈央,37,福岡,48,B2,3.62,14.29,0.00,0.00,35,30.32,53,32.05,1
江戸川,12,1,4825,倉持莉々,32,東京,48,A1,6.48,46.25,6.41,44.44,71,42.21,28,34.67,
江戸川,12,2,5088,高憧四季,26,大阪,43,A1,7.08,58.33,5.25,45.00,56,47.74,45,35.84,7
江戸川,12,3,4123,細川裕子,44,愛知,47,A1,6.45,44.86,7.44,66.67,28,28.66,33,41.25,
江戸川,12,4,4208,三浦永理,42,静岡,47,A1,6.18,38.05,4.20,20.00,22,31.21,26,38.61,
江戸川,12,5,4225,土屋千明,43,群馬,45,A2,5.74,40.40,4.80,20.00,31,45.40,56,44.58,
江戸川,12,6,4519,清水沙樹,38,東京,44,A2,5.54,41.30,6.44,52.59,61,35.80,23,42.95,6
桐生,1,1,3973,崎利仁,49,群馬,54,B1,4.34,17.71,4.91,28.45,32,46.15,18,6.67,114          9
桐生,1,2,3912,川原正明,52,福井,52,A2,5.66,39.09,5.65,38.46,19,23.53,20,35.14,434          7
桐生,1,3,4753,森照夫,37,福岡,56,B1,4.58,30.56,0.00,0.00,34,33.33,50,30.77,4 12         8
桐生,1,4,4331,三好勇人,42,香川,53,A2,5.74,36.36,4.86,22.73,40,27.78,40,44.44,1243        11
桐生,1,5,5279,石渡翔一,23,東京,52,B1,5.60,37.89,2.82,14.71,42,29.41,11,30.95,S66
桐生,1,6,5411,木下虎之,20,東京,58,B2,1.62,0.00,1.89,0.00,26,58.82,19,51.52,6 5          6
桐生,2,1,3303,渡辺豊,58,東京,54,B1,4.83,27.82,5.62,40.00,54,12.50,14,40.54,236          9
桐生,2,2,4836,大谷健太,37,埼玉,53,B2,4.23,23.46,4.40,27.27,69,26.32,61,46.15,3 22         8
桐生,2,3,5127,沼田大都,29,愛知,51,B1,4.58,20.43,3.89,11.11,47,44.44,69,22.22,361
桐生,2,4,4210,松村康太,42,福井,53,A2,5.45,32.29,6.43,40.00,60,47.37,38,29.73,1 43         6
桐生,2,5,5353,草川壮良,21,滋賀,52,B1,2.62,6.56,0.00,0.00,39,37.50,29,28.57,6 2          7
桐生,2,6,4009,小林一樹,46,山口,58,A2,5.59,32.32,5.43,39.62,23,20.00,43,35.14,142         10
桐生,3,1,5147,田中勇輔,32,埼玉,52,B2,3.74,14.47,4.16,26.32,49,22.22,37,50.00,3 56         7
桐生,3,2,3489,大場敏,58,静岡,54,A2,5.72,37.04,6.36,47.46,37,5.56,17,32.35,123         10
桐生,3,3,5110,杉山喜一,26,静岡,50,B1,5.27,30.40,4.50,31.25,29,25.00,27,40.00,4 64        11
桐生,3,4,4049,荒川健太,45,三重,57,A2,6.14,36.80,5.63,33.33,16,16.67,32,28.57,S15          9
桐生,3,5,5371,早川颯太,23,東京,51,B2,1.54,1.69,1.29,0.00,61,25.00,59,30.30,6 6          8
桐生,3,6,4122,安東幸治,44,福岡,57,A2,5.86,39.02,5.37,31.58,17,55.00,39,22.86,2544        12
桐生,4,1,4406,幸野史明,40,福岡,52,B1,4.09,24.14,2.88,9.09,28,47.37,26,26.47,351
桐生,4,2,4787,椎名豊,37,群馬,53,A1,6.99,50.38,7.51,62.50,70,50.00,33,27.03,4S31        12
桐生,4,3,4792,杉村賢也,35,東京,51,A2,5.53,30.51,5.47,36.67,59,33.33,51,35.14,3 42         8
桐生,4,4,4619,伏田裕隆,42,東京,51,A2,5.29,35.06,4.57,21.43,46,35.29,24,35.29,1624        11
桐生,4,5,5376,吉田一心,21,大阪,52,B1,5.04,32.22,0.00,0.00,62,38.89,41,37.14,2 23        10
桐生,4,6,4232,笠雅雄,42,福岡,60,B1,3.49,14.94,3.27,19.23,65,33.33,16,17.24,6 13
桐生,5,1,3305,小野信樹,58,岡山,53,B1,4.12,22.67,4.73,33.33,35,38.89,55,25.00,556
桐生,5,2,3942,寺田祥,47,山口,55,A1,7.35,54.62,4.92,12.50,21,29.41,48,25.93,4515        11
桐生,5,3,4640,山ノ内雅,34,福岡,52,A2,6.03,43.51,5.88,35.29,24,11.11,25,20.59,2235        12
桐生,5,4,4393,田中孝明,39,福岡,59,B1,4.32,16.30,3.50,0.00,68,22.22,52,51.43,456
桐生,5,5,4318,桑原将光,41,東京,53,B1,5.28,33.59,5.28,31.03,56,35.29,67,39.53,2 2S        10
桐生,5,6,4761,山田晃大,36,滋賀,52,A2,5.51,34.82,5.45,27.27,22,23.53,46,45.95,3 62         9
桐生,6,1,4210,松村康太,42,福井,53,A2,5.45,32.29,6.43,40.00,60,47.37,38,29.73,1 43         2
桐生,6,2,3563,堤昇,56,静岡,54,B1,5.01,32.05,5.22,32.20,52,23.53,60,40.54,345
桐生,6,3,3475,橋本久和,55,群馬,53,B1,5.10,33.33,5.85,40.00,71,40.00,68,24.24,5 24
桐生,6,4,4623,中北将史,41,三重,53,B1,5.26,32.32,4.64,18.18,66,5.56,30,16.67,2 55        11
桐生,6,5,5411,木下虎之,20,東京,58,B2,1.62,0.00,1.89,0.00,26,58.82,19,51.52,6 5          1
桐生,6,6,4651,佐藤大騎,41,大阪,54,B1,3.38,15.07,5.20,30.00,55,50.00,47,33.33,555         12
桐生,7,1,3912,川原正明,52,福井,52,A2,5.66,39.09,5.65,38.46,19,23.53,20,35.14,434          1
桐生,7,2,3872,岡田憲行,49,大阪,53,B1,5.41,35.11,6.85,54.17,45,29.41,63,21.62,343
桐生,7,3,5217,藤原碧生,25,岡山,52,A1,6.40,45.45,6.78,44.44,11,50.00,58,20.59,1313        11
桐生,7,4,4813,宮内直哉,36,東京,53,B1,3.82,15.73,5.42,34.62,33,33.33,72,26.67,5 56        12
桐生,7,5,5147,田中勇輔,32,埼玉,52,B2,3.74,14.47,4.16,26.32,49,22.22,37,50.00,3 56         3
桐生,7,6,5353,草川壮良,21,滋賀,52,B1,2.62,6.56,0.00,0.00,39,37.50,29,28.57,6 2          2
桐生,8,1,4792,杉村賢也,35,東京,51,A2,5.53,30.51,5.47,36.67,59,33.33,51,35.14,3 42         4
桐生,8,2,3583,齋藤智裕,52,埼玉,58,B1,3.79,18.57,4.39,27.78,43,16.00,49,19.44,6 33
桐生,8,3,4836,大谷健太,37,埼玉,53,B2,4.23,23.46,4.40,27.27,69,26.32,61,46.15,3 22         2
桐生,8,4,4753,森照夫,37,福岡,56,B1,4.58,30.56,0.00,0.00,34,33.33,50,30.77,4 12         1
桐生,8,5,4659,木下翔太,34,大阪,54,A1,6.72,43.51,6.97,62.16,15,33.33,45,40.54,3241        12
桐生,8,6,5371,早川颯太,23,東京,51,B2,1.54,1.69,1.29,0.00,61,25.00,59,30.30,6 6          3
桐生,9,1,5221,竹間隆晟,25,大阪,54,A1,6.12,42.03,5.22,27.78,50,17.65,22,14.71,4231
桐生,9,2,3422,服部幸男,55,静岡,55,A1,6.56,50.94,5.37,31.43,51,23.53,65,28.95,2424
桐生,9,3,3303,渡辺豊,58,東京,54,B1,4.83,27.82,5.62,40.00,54,12.50,14,40.54,236          2
桐生,9,4,4761,山田晃大,36,滋賀,52,A2,5.51,34.82,5.45,27.27,22,23.53,46,45.95,3 62         5
桐生,9,5,3973,崎利仁,49,群馬,54,B1,4.34,17.71,4.91,28.45,32,46.15,18,6.67,114          1
桐生,9,6,4049,荒川健太,45,三重,57,A2,6.14,36.80,5.63,33.33,16,16.67,32,28.57,S15          3
桐生,10,1,4364,池永太,40,福岡,53,A1,6.85,55.15,7.70,70.00,27,26.32,64,33.33,1111
桐生,10,2,4643,近江翔吾,32,香川,53,A1,6.12,41.90,6.83,56.67,12,57.89,36,52.63,4151
桐生,10,3,5376,吉田一心,21,大阪,52,B1,5.04,32.22,0.00,0.00,62,38.89,41,37.14,2 23         4
桐生,10,4,4318,桑原将光,41,東京,53,B1,5.28,33.59,5.28,31.03,56,35.29,67,39.53,2 2S         5
桐生,10,5,4009,小林一樹,46,山口,58,A2,5.59,32.32,5.43,39.62,23,20.00,43,35.14,142          2
桐生,10,6,3489,大場敏,58,静岡,54,A2,5.72,37.04,6.36,47.46,37,5.56,17,32.35,123          3
桐生,11,1,3942,寺田祥,47,山口,55,A1,7.35,54.62,4.92,12.50,21,29.41,48,25.93,4515         5
桐生,11,2,4619,伏田裕隆,42,東京,51,A2,5.29,35.06,4.57,21.43,46,35.29,24,35.29,1624         4
桐生,11,3,4331,三好勇人,42,香川,53,A2,5.74,36.36,4.86,22.73,40,27.78,40,44.44,1243         1
桐生,11,4,5217,藤原碧生,25,岡山,52,A1,6.40,45.45,6.78,44.44,11,50.00,58,20.59,1313         7
桐生,11,5,4623,中北将史,41,三重,53,B1,5.26,32.32,4.64,18.18,66,5.56,30,16.67,2 55         6
桐生,11,6,5110,杉山喜一,26,静岡,50,B1,5.27,30.40,4.50,31.25,29,25.00,27,40.00,4 64         3
桐生,12,1,4787,椎名豊,37,群馬,53,A1,6.99,50.38,7.51,62.50,70,50.00,33,27.03,4S31         4
桐生,12,2,4640,山ノ内雅,34,福岡,52,A2,6.03,43.51,5.88,35.29,24,11.11,25,20.59,2235         5
桐生,12,3,4122,安東幸治,44,福岡,57,A2,5.86,39.02,5.37,31.58,17,55.00,39,22.86,2544         3
桐生,12,4,4659,木下翔太,34,大阪,54,A1,6.72,43.51,6.97,62.16,15,33.33,45,40.54,3241         8
桐生,12,5,4651,佐藤大騎,41,大阪,54,B1,3.38,15.07,5.20,30.00,55,50.00,47,33.33,555          6
桐生,12,6,4813,宮内直哉,36,東京,53,B1,3.82,15.73,5.42,34.62,33,33.33,72,26.67,5 56         7
