会場,日付,レース,着順,艇番,登番,選手名,status,モーター番号,ボート番号,展示タイム,進入コース,スタートタイミング,レースタイム,3連単_組合,3連単_配当,3連複_組合,3連複_配当,2連単_組合,2連単_配当,2連複_組合,2連複_配当
唐津,2026/2/8,1,1,1,5229,吉川晴人,finish,55,29,6.64,1,0.11,1.47.8,1-3-5,1630,1-3-5,650,1-3,470,1-3,550
唐津,2026/2/8,1,2,3,4782,浜崎準也,finish,28,53,6.75,3,0.15,1.49.6,1-3-5,1630,1-3-5,650,1-3,470,1-3,550
唐津,2026/2/8,1,3,5,4108,吉村正明,finish,24,38,6.85,5,0.11,1.51.5,1-3-5,1630,1-3-5,650,1-3,470,1-3,550
唐津,2026/2/8,1,4,2,3745,橋本年光,finish,3,46,6.74,2,0.14,1.52.1,1-3-5,1630,1-3-5,650,1-3,470,1-3,550
唐津,2026/2/8,1,5,6,3771,折下寛法,finish,38,19,6.84,6,0.09,1.53.0,1-3-5,1630,1-3-5,650,1-3,470,1-3,550
唐津,2026/2/8,1,6,4,4196,田中太一郎,finish,34,23,6.78,4,0.11,1.55.6,1-3-5,1630,1-3-5,650,1-3,470,1-3,550
唐津,2026/2/8,2,1,3,3508,久富政弘,finish,2,44,6.75,3,0.15,1.48.2,3-1-2,12160,1-2-3,350,3-1,5490,1-3,1060
唐津,2026/2/8,2,2,1,3746,岡瀬正人,finish,31,20,6.77,1,0.16,1.49.5,3-1-2,12160,1-2-3,350,3-1,5490,1-3,1060
唐津,2026/2/8,2,3,2,4535,北山康介,finish,36,50,6.78,2,0.13,1.51.2,3-1-2,12160,1-2-3,350,3-1,5490,1-3,1060
唐津,2026/2/8,2,4,4,4457,神田達也,finish,37,57,6.80,4,0.13,1.52.5,3-1-2,12160,1-2-3,350,3-1,5490,1-3,1060
唐津,2026/2/8,2,5,5,3303,渡辺豊,finish,42,24,6.78,5,0.18,1.53.0,3-1-2,12160,1-2-3,350,3-1,5490,1-3,1060
唐津,2026/2/8,2,6,6,3990,芹澤克彦,finish,33,37,6.73,6,0.15,1.55.2,3-1-2,12160,1-2-3,350,3-1,5490,1-3,1060
唐津,2026/2/8,3,1,1,4120,柘植政浩,finish,58,30,6.72,1,0.21,1.48.7,1-4-2,1010,1-2-4,340,1-4,380,1-4,360
唐津,2026/2/8,3,2,4,3158,島川光男,finish,22,26,6.75,4,0.24,1.50.6,1-4-2,1010,1-2-4,340,1-4,380,1-4,360
唐津,2026/2/8,3,3,2,3621,天野晶夫,finish,6,39,6.75,2,0.19,1.53.1,1-4-2,1010,1-2-4,340,1-4,380,1-4,360
唐津,2026/2/8,3,4,3,4562,阪本勇介,finish,23,28,6.69,3,0.22,1.53.3,1-4-2,1010,1-2-4,340,1-4,380,1-4,360
唐津,2026/2/8,3,5,6,4969,町田洸希,finish,47,32,6.69,6,0.26,1.55.1,1-4-2,1010,1-2-4,340,1-4,380,1-4,360
唐津,2026/2/8,3,6,5,5356,長谷川暖,finish,9,11,6.74,5,0.25,1.56.3,1-4-2,1010,1-2-4,340,1-4,380,1-4,360
唐津,2026/2/8,4,1,2,4370,山口達也,finish,15,33,6.73,2,0.14,1.47.1,2-4-3,4480,2-3-4,1630,2-4,820,2-4,1240
唐津,2026/2/8,4,2,4,5167,小川竜太朗,finish,60,4,6.79,4,0.17,1.50.2,2-4-3,4480,2-3-4,1630,2-4,820,2-4,1240
唐津,2026/2/8,4,3,3,3489,大場敏,finish,30,14,6.85,3,0.15,1.51.8,2-4-3,4480,2-3-4,1630,2-4,820,2-4,1240
唐津,2026/2/8,4,4,6,5217,藤原碧生,finish,17,56,6.81,6,0.36,1.52.2,2-4-3,4480,2-3-4,1630,2-4,820,2-4,1240
唐津,2026/2/8,4,5,5,4164,岩永節也,finish,59,47,6.89,5,0.37,1.52.8,2-4-3,4480,2-3-4,1630,2-4,820,2-4,1240
唐津,2026/2/8,4,6,1,5008,羽野諒,finish,43,7,6.79,1,0.25,1.54.8,2-4-3,4480,2-3-4,1630,2-4,820,2-4,1240
唐津,2026/2/8,5,1,1,4237,大峯豊,finish,26,16,6.61,1,0.09,1.47.2,1-3-4,500,1-3-4,290,1-3,180,1-3,120
唐津,2026/2/8,5,2,3,4601,森野正弘,finish,11,48,6.71,3,0.11,1.48.9,1-3-4,500,1-3-4,290,1-3,180,1-3,120
唐津,2026/2/8,5,3,4,4898,菊地敬介,finish,5,34,6.73,4,0.13,1.49.6,1-3-4,500,1-3-4,290,1-3,180,1-3,120
唐津,2026/2/8,5,4,2,4111,奥田誠,finish,53,36,6.72,2,0.15,1.51.3,1-3-4,500,1-3-4,290,1-3,180,1-3,120
唐津,2026/2/8,5,5,5,4143,浦田晃嗣,finish,12,13,6.69,5,0.31,1.52.9,1-3-4,500,1-3-4,290,1-3,180,1-3,120
唐津,2026/2/8,5,6,6,3745,橋本年光,finish,3,46,6.71,6,0.28,1.53.2,1-3-4,500,1-3-4,290,1-3,180,1-3,120
唐津,2026/2/8,6,1,5,3564,桑原啓,finish,44,31,6.71,5,0.18,1.49.3,5-2-1,47170,1-2-5,1860,5-2,10610,2-5,3210
唐津,2026/2/8,6,2,2,5223,森清友翔,finish,50,60,6.75,2,0.21,1.50.3,5-2-1,47170,1-2-5,1860,5-2,10610,2-5,3210
唐津,2026/2/8,6,3,1,4196,田中太一郎,finish,34,23,6.77,1,0.25,1.52.5,5-2-1,47170,1-2-5,1860,5-2,10610,2-5,3210
唐津,2026/2/8,6,4,3,3942,寺田祥,finish,56,45,6.83,3,0.22,1.53.9,5-2-1,47170,1-2-5,1860,5-2,10610,2-5,3210
唐津,2026/2/8,6,5,4,3746,岡瀬正人,finish,31,20,6.88,4,0.25,1.54.9,5-2-1,47170,1-2-5,1860,5-2,10610,2-5,3210
唐津,2026/2/8,6,6,6,5350,網代良芽,finish,57,35,6.74,6,0.19,1.56.8,5-2-1,47170,1-2-5,1860,5-2,10610,2-5,3210
唐津,2026/2/8,7,1,5,4682,大上卓人,finish,7,15,6.94,5,0.19,1.48.2,5-2-1,3440,1-2-5,300,5-2,1320,2-5,840
唐津,2026/2/8,7,2,2,3508,久富政弘,finish,2,44,6.90,2,0.22,1.50.4,5-2-1,3440,1-2-5,300,5-2,1320,2-5,840
唐津,2026/2/8,7,3,1,5356,長谷川暖,finish,9,11,6.82,1,0.18,1.51.3,5-2-1,3440,1-2-5,300,5-2,1320,2-5,840
唐津,2026/2/8,7,4,3,4231,鈴木裕隆,finish,13,9,6.83,3,0.25,1.53.7,5-2-1,3440,1-2-5,300,5-2,1320,2-5,840
唐津,2026/2/8,7,5,4,5209,小野京平,finish,52,12,6.99,4,0.29,1.54.5,5-2-1,3440,1-2-5,300,5-2,1320,2-5,840
唐津,2026/2/8,7,6,6,5392,安武一也,finish,35,54,6.85,6,0.20,1.55.4,5-2-1,3440,1-2-5,300,5-2,1320,2-5,840
唐津,2026/2/8,8,1,1,4108,吉村正明,finish,24,38,6.78,1,0.14,1.49.0,1-2-5,930,1-2-5,500,1-2,170,1-2,140
唐津,2026/2/8,8,2,2,3719,辻栄蔵,finish,48,51,6.75,2,0.17,1.50.2,1-2-5,930,1-2-5,500,1-2,170,1-2,140
唐津,2026/2/8,8,3,5,5008,羽野諒,finish,43,7,6.80,5,0.13,1.51.2,1-2-5,930,1-2-5,500,1-2,170,1-2,140
唐津,2026/2/8,8,4,6,3621,天野晶夫,finish,6,39,6.82,6,0.17,1.52.4,1-2-5,930,1-2-5,500,1-2,170,1-2,140
唐津,2026/2/8,8,5,4,3990,芹澤克彦,finish,33,37,6.86,4,0.14,1.54.4,1-2-5,930,1-2-5,500,1-2,170,1-2,140
唐津,2026/2/8,8,6,3,3377,塚田修二,finish,51,27,6.80,3,0.25,1.55.3,1-2-5,930,1-2-5,500,1-2,170,1-2,140
唐津,2026/2/8,9,1,2,5217,藤原碧生,finish,17,56,6.76,2,0.17,1.48.5,2-1-3,920,1-2-3,290,2-1,350,1-2,200
唐津,2026/2/8,9,2,1,4457,神田達也,finish,37,57,6.91,1,0.18,1.50.2,2-1-3,920,1-2-3,290,2-1,350,1-2,200
唐津,2026/2/8,9,3,3,4969,町田洸希,finish,47,32,6.81,3,0.19,1.51.6,2-1-3,920,1-2-3,290,2-1,350,1-2,200
唐津,2026/2/8,9,4,4,4782,浜崎準也,finish,28,53,6.85,4,0.25,1.52.3,2-1-3,920,1-2-3,290,2-1,350,1-2,200
唐津,2026/2/8,9,5,5,4111,奥田誠,finish,53,36,6.86,5,0.27,1.53.7,2-1-3,920,1-2-3,290,2-1,350,1-2,200
唐津,2026/2/8,9,6,6,5309,森雄利,finish,39,21,6.79,6,0.27,1.56.6,2-1-3,920,1-2-3,290,2-1,350,1-2,200
唐津,2026/2/8,10,1,1,4601,森野正弘,finish,11,48,6.73,1,0.09,1.49.3,1-4-3,1360,1-3-4,350,1-4,550,1-4,470
唐津,2026/2/8,10,2,4,5111,三村岳人,finish,45,5,6.70,4,0.05,1.49.8,1-4-3,1360,1-3-4,350,1-4,550,1-4,470
唐津,2026/2/8,10,3,3,4120,柘植政浩,finish,58,30,6.69,3,0.08,1.51.8,1-4-3,1360,1-3-4,350,1-4,550,1-4,470
唐津,2026/2/8,10,4,5,5223,森清友翔,finish,50,60,6.76,5,0.09,1.52.9,1-4-3,1360,1-3-4,350,1-4,550,1-4,470
唐津,2026/2/8,10,5,2,3771,折下寛法,finish,38,19,6.80,2,0.09,1.53.0,1-4-3,1360,1-3-4,350,1-4,550,1-4,470
唐津,2026/2/8,10,6,6,3489,大場敏,finish,30,14,6.80,6,0.11,1.56.6,1-4-3,1360,1-3-4,350,1-4,550,1-4,470
唐津,2026/2/8,11,1,2,3564,桑原啓,finish,44,31,6.71,2,0.23,1.50.0,2-4-1,10450,1-2-4,810,2-4,2470,2-4,2160
唐津,2026/2/8,11,2,4,3303,渡辺豊,finish,42,24,6.86,4,0.28,1.52.4,2-4-1,10450,1-2-4,810,2-4,2470,2-4,2160
唐津,2026/2/8,11,3,1,3158,島川光男,finish,22,26,6.81,1,0.23,1.52.8,2-4-1,10450,1-2-4,810,2-4,2470,2-4,2160
唐津,2026/2/8,11,4,3,5229,吉川晴人,finish,55,29,6.73,3,0.31,1.54.5,2-4-1,10450,1-2-4,810,2-4,2470,2-4,2160
唐津,2026/2/8,11,5,6,4231,鈴木裕隆,finish,13,9,6.79,6,0.23,1.54.5,2-4-1,10450,1-2-4,810,2-4,2470,2-4,2160
唐津,2026/2/8,11,6,5,4898,菊地敬介,finish,5,42,6.86,5,0.25,1.57.2,2-4-1,10450,1-2-4,810,2-4,2470,2-4,2160
唐津,2026/2/8,12,1,3,4682,大上卓人,finish,7,15,6.73,3,0.14,1.47.4,3-2-1,12450,1-2-3,800,3-2,5800,2-3,2590
唐津,2026/2/8,12,2,2,3942,寺田祥,finish,56,45,6.84,2,0.16,1.49.1,3-2-1,12450,1-2-3,800,3-2,5800,2-3,2590
唐津,2026/2/8,12,3,1,3719,辻栄蔵,finish,48,51,6.79,1,0.22,1.50.2,3-2-1,12450,1-2-3,800,3-2,5800,2-3,2590
唐津,2026/2/8,12,4,5,4370,山口達也,finish,15,33,6.84,5,0.15,1.51.3,3-2-1,12450,1-2-3,800,3-2,5800,2-3,2590
唐津,2026/2/8,12,5,4,4237,大峯豊,finish,26,16,6.69,4,0.26,1.52.3,3-2-1,12450,1-2-3,800,3-2,5800,2-3,2590
唐津,2026/2/8,12,6,6,4535,北山康介,finish,36,50,6.85,6,0.13,1.54.1,3-2-1,12450,1-2-3,800,3-2,5800,2-3,2590
若松,2026/2/8,1,1,1,4753,森照夫,finish,18,56,6.79,1,0.06,2.02.4,1-6-4,2730,1-4-6,700,1-6,830,1-6,960
若松,2026/2/8,1,2,6,4632,長尾京志郎,finish,51,12,6.77,5,0.05,2.04.3,1-6-4,2730,1-4-6,700,1-6,830,1-6,960
若松,2026/2/8,1,3,4,3587,武田信一,finish,41,30,6.80,4,0.01,2.06.9,1-6-4,2730,1-4-6,700,1-6,830,1-6,960
若松,2026/2/8,1,4,5,5417,小柳勝希,finish,55,58,6.78,6,0.01,2.09.9,1-6-4,2730,1-4-6,700,1-6,830,1-6,960
若松,2026/2/8,1,,2,4408,仁科さやか,F,,,,,,,,,,,,,,
若松,2026/2/8,1,,3,5032,谷口知優,S1,,,,,,,,,,,,,,
若松,2026/2/8,2,1,1,3662,大庭元明,finish,42,47,6.75,1,0.11,1.48.7,1-3-4,1030,1-3-4,430,1-3,490,1-3,450
若松,2026/2/8,2,2,3,3977,山本兼士,finish,16,59,6.80,2,0.14,1.50.7,1-3-4,1030,1-3-4,430,1-3,490,1-3,450
若松,2026/2/8,2,3,4,5109,川崎智稔,finish,2,45,6.82,3,0.12,1.51.7,1-3-4,1030,1-3-4,430,1-3,490,1-3,450
若松,2026/2/8,2,4,6,5231,寺田空詩,finish,58,22,6.70,5,0.16,1.53.1,1-3-4,1030,1-3-4,430,1-3,490,1-3,450
若松,2026/2/8,2,5,2,5295,田上凜,finish,28,74,6.62,6,0.18,. .,1-3-4,1030,1-3-4,430,1-3,490,1-3,450
若松,2026/2/8,2,6,5,3701,大西隆洋,finish,30,20,6.80,4,0.15,. .,1-3-4,1030,1-3-4,430,1-3,490,1-3,450
若松,2026/2/8,3,1,1,4489,岩川仁士,finish,20,31,6.76,1,0.13,1.50.0,1-5-2,1460,1-2-5,540,1-5,310,1-5,210
若松,2026/2/8,3,2,5,4166,吉田拡郎,finish,17,34,6.73,4,0.16,1.51.0,1-5-2,1460,1-2-5,540,1-5,310,1-5,210
若松,2026/2/8,3,3,2,3411,池上隆行,finish,37,15,6.79,2,0.16,1.52.9,1-5-2,1460,1-2-5,540,1-5,310,1-5,210
若松,2026/2/8,3,4,4,5048,眞鳥康太,finish,10,32,6.70,5,0.45,1.53.1,1-5-2,1460,1-2-5,540,1-5,310,1-5,210
若松,2026/2/8,3,5,3,4300,加藤綾,finish,14,57,6.71,3,0.15,. .,1-5-2,1460,1-2-5,540,1-5,310,1-5,210
若松,2026/2/8,3,6,6,5399,長野未来,finish,5,42,6.69,6,0.24,. .,1-5-2,1460,1-2-5,540,1-5,310,1-5,210
若松,2026/2/8,4,1,2,4985,井本昌也,finish,11,38,6.76,2,0.15,1.48.7,2-6-1,1420,1-2-6,220,2-6,750,2-6,550
若松,2026/2/8,4,2,6,4967,中村魁生,finish,59,23,6.78,4,0.18,1.50.3,2-6-1,1420,1-2-6,220,2-6,750,2-6,550
若松,2026/2/8,4,3,1,4435,服部達哉,finish,62,63,6.74,1,0.34,1.52.2,2-6-1,1420,1-2-6,220,2-6,750,2-6,550
若松,2026/2/8,4,4,3,4045,佐々木裕美,finish,32,37,6.74,3,0.14,1.53.9,2-6-1,1420,1-2-6,220,2-6,750,2-6,550
若松,2026/2/8,4,5,4,3212,亀本勇樹,finish,6,67,6.86,5,0.28,. .,2-6-1,1420,1-2-6,220,2-6,750,2-6,550
若松,2026/2/8,4,6,5,5237,永松良教,finish,33,18,6.76,6,0.32,. .,2-6-1,1420,1-2-6,220,2-6,750,2-6,550
若松,2026/2/8,5,1,1,4051,清水敦揮,finish,34,25,6.76,1,0.05,1.49.5,1-4-2,570,1-2-4,200,1-4,260,1-4,280
若松,2026/2/8,5,2,4,4839,四宮与寛,finish,3,48,6.82,4,0.13,1.50.7,1-4-2,570,1-2-4,200,1-4,260,1-4,280
若松,2026/2/8,5,3,2,4478,櫻本あゆみ,finish,31,40,6.78,2,0.07,1.52.7,1-4-2,570,1-2-4,200,1-4,260,1-4,280
若松,2026/2/8,5,4,3,3906,飯山晃三,finish,9,21,6.77,3,0.11,1.54.7,1-4-2,570,1-2-4,200,1-4,260,1-4,280
若松,2026/2/8,5,5,6,5417,小柳勝希,finish,55,58,6.78,6,0.06,. .,1-4-2,570,1-2-4,200,1-4,260,1-4,280
若松,2026/2/8,5,6,5,5306,河内悠利杏,finish,1,33,6.76,5,0.05,. .,1-4-2,570,1-2-4,200,1-4,260,1-4,280
若松,2026/2/8,6,1,1,4264,長尾章平,finish,15,13,6.76,1,0.16,1.49.5,1-3-2,500,1-2-3,210,1-3,250,1-3,220
若松,2026/2/8,6,2,3,4369,丹下将,finish,27,66,6.83,3,0.17,1.50.8,1-3-2,500,1-2-3,210,1-3,250,1-3,220
若松,2026/2/8,6,3,2,5109,川崎智稔,finish,2,45,6.81,2,0.18,1.52.3,1-3-2,500,1-2-3,210,1-3,250,1-3,220
若松,2026/2/8,6,4,6,4306,畔柳俊吾,finish,61,46,6.78,6,0.16,1.54.1,1-3-2,500,1-2-3,210,1-3,250,1-3,220
若松,2026/2/8,6,5,4,4753,森照夫,finish,18,56,6.84,4,0.13,. .,1-3-2,500,1-2-3,210,1-3,250,1-3,220
若松,2026/2/8,6,6,5,5284,嘉手苅徹哉,finish,38,49,6.82,5,0.14,. .,1-3-2,500,1-2-3,210,1-3,250,1-3,220
若松,2026/2/8,7,1,2,4500,山田康二,finish,49,71,6.90,2,0.13,1.49.0,2-1-3,880,1-2-3,370,2-1,330,1-2,200
若松,2026/2/8,7,2,1,3848,川上聡介,finish,24,51,6.88,1,0.06,1.50.5,2-1-3,880,1-2-3,370,2-1,330,1-2,200
若松,2026/2/8,7,3,3,4632,長尾京志郎,finish,51,12,6.87,3,0.16,1.52.7,2-1-3,880,1-2-3,370,2-1,330,1-2,200
若松,2026/2/8,7,4,5,3710,吉永泰弘,finish,25,69,6.85,4,0.23,1.53.4,2-1-3,880,1-2-3,370,2-1,330,1-2,200
若松,2026/2/8,7,5,6,4809,外崎悟,finish,48,14,6.76,5,0.25,. .,2-1-3,880,1-2-3,370,2-1,330,1-2,200
若松,2026/2/8,7,6,4,5295,田上凜,finish,28,74,6.70,6,0.22,. .,2-1-3,880,1-2-3,370,2-1,330,1-2,200
若松,2026/2/8,8,1,1,3024,西島義則,finish,36,50,6.93,1,0.09,1.47.6,1-4-6,760,1-4-6,370,1-4,350,1-4,230
若松,2026/2/8,8,2,4,4435,服部達哉,finish,62,63,6.82,4,0.15,1.49.7,1-4-6,760,1-4-6,370,1-4,350,1-4,230
若松,2026/2/8,8,3,6,3352,小川晃司,finish,52,61,6.88,6,0.15,1.51.5,1-4-6,760,1-4-6,370,1-4,350,1-4,230
若松,2026/2/8,8,4,2,3998,冨成謙児,finish,56,75,6.93,2,0.13,1.51.7,1-4-6,760,1-4-6,370,1-4,350,1-4,230
若松,2026/2/8,8,5,3,3701,大西隆洋,finish,30,20,6.91,3,0.27,. .,1-4-6,760,1-4-6,370,1-4,350,1-4,230
若松,2026/2/8,8,6,5,4408,仁科さやか,finish,35,68,6.91,5,0.26,. .,1-4-6,760,1-4-6,370,1-4,350,1-4,230
若松,2026/2/8,9,1,1,3574,大神康司,finish,53,27,6.85,1,0.16,1.49.4,1-3-6,820,1-3-6,510,1-3,240,1-3,290
若松,2026/2/8,9,2,3,5231,寺田空詩,finish,58,22,6.75,3,0.16,1.50.8,1-3-6,820,1-3-6,510,1-3,240,1-3,290
若松,2026/2/8,9,3,6,5032,谷口知優,finish,7,62,6.77,6,0.18,1.52.6,1-3-6,820,1-3-6,510,1-3,240,1-3,290
若松,2026/2/8,9,4,4,5288,尾道佳諭,finish,26,19,6.79,4,0.16,1.53.6,1-3-6,820,1-3-6,510,1-3,240,1-3,290
若松,2026/2/8,9,5,2,5306,河内悠利杏,finish,1,33,6.79,2,0.23,. .,1-3-6,820,1-3-6,510,1-3,240,1-3,290
若松,2026/2/8,9,6,5,5170,佐藤太亮,finish,44,72,6.78,5,0.18,. .,1-3-6,820,1-3-6,510,1-3,240,1-3,290
若松,2026/2/8,10,1,3,4967,中村魁生,finish,59,23,6.80,3,0.12,1.48.0,3-1-5,3640,1-3-5,1360,3-1,420,1-3,160
若松,2026/2/8,10,2,1,4839,四宮与寛,finish,3,48,6.89,1,0.13,1.50.0,3-1-5,3640,1-3-5,1360,3-1,420,1-3,160
若松,2026/2/8,10,3,5,4300,加藤綾,finish,14,57,6.77,5,0.23,1.50.7,3-1-5,3640,1-3-5,1360,3-1,420,1-3,160
若松,2026/2/8,10,4,6,4369,丹下将,finish,27,66,6.88,6,0.27,1.51.5,3-1-5,3640,1-3-5,1360,3-1,420,1-3,160
若松,2026/2/8,10,5,4,3662,大庭元明,finish,42,47,6.80,4,0.19,. .,3-1-5,3640,1-3-5,1360,3-1,420,1-3,160
若松,2026/2/8,10,6,2,3587,武田信一,finish,41,30,6.84,2,0.24,. .,3-1-5,3640,1-3-5,1360,3-1,420,1-3,160
若松,2026/2/8,11,1,1,4478,櫻本あゆみ,finish,31,40,6.74,1,0.16,1.47.9,1-2-3,1770,1-2-3,480,1-2,350,1-2,200
若松,2026/2/8,11,2,2,4306,畔柳俊吾,finish,61,46,6.73,2,0.21,1.50.1,1-2-3,1770,1-2-3,480,1-2,350,1-2,200
若松,2026/2/8,11,3,3,5048,眞鳥康太,finish,10,32,6.65,5,0.41,1.51.6,1-2-3,1770,1-2-3,480,1-2,350,1-2,200
若松,2026/2/8,11,4,4,3848,川上聡介,finish,24,51,6.80,3,0.21,1.52.0,1-2-3,1770,1-2-3,480,1-2,350,1-2,200
若松,2026/2/8,11,5,6,4045,佐々木裕美,finish,32,37,6.74,4,0.24,. .,1-2-3,1770,1-2-3,480,1-2,350,1-2,200
若松,2026/2/8,11,6,5,3977,山本兼士,finish,16,59,6.78,6,0.49,. .,1-2-3,1770,1-2-3,480,1-2,350,1-2,200
若松,2026/2/8,12,1,1,4500,山田康二,finish,49,71,6.80,1,0.14,1.47.1,1-3-6,2280,1-3-6,1530,1-3,220,1-3,220
若松,2026/2/8,12,2,3,4166,吉田拡郎,finish,17,34,6.77,3,0.16,1.49.0,1-3-6,2280,1-3-6,1530,1-3,220,1-3,220
若松,2026/2/8,12,3,6,4985,井本昌也,finish,11,38,6.79,6,0.14,1.50.0,1-3-6,2280,1-3-6,1530,1-3,220,1-3,220
若松,2026/2/8,12,4,2,3024,西島義則,finish,36,50,6.83,2,0.18,1.51.1,1-3-6,2280,1-3-6,1530,1-3,220,1-3,220
若松,2026/2/8,12,5,4,4051,清水敦揮,finish,34,25,6.77,4,0.14,. .,1-3-6,2280,1-3-6,1530,1-3,220,1-3,220
若松,2026/2/8,12,6,5,4264,長尾章平,finish,15,13,6.78,5,0.12,. .,1-3-6,2280,1-3-6,1530,1-3,220,1-3,220
徳山,2026/2/8,1,1,1,3703,鳥飼眞,finish,28,54,6.94,1,0.13,1.51.4,1-2-4,3730,1-2-4,1300,1-2,1340,1-2,1150
徳山,2026/2/8,1,2,2,3461,渡邊哲也,finish,71,62,7.13,2,0.18,1.52.1,1-2-4,3730,1-2-4,1300,1-2,1340,1-2,1150
徳山,2026/2/8,1,3,4,4866,橋本英一,finish,72,11,6.96,4,0.22,1.52.3,1-2-4,3730,1-2-4,1300,1-2,1340,1-2,1150
徳山,2026/2/8,1,4,3,3577,向所浩二,finish,12,36,6.99,3,0.20,1.54.2,1-2-4,3730,1-2-4,1300,1-2,1340,1-2,1150
徳山,2026/2/8,1,5,5,4128,川口貴久,finish,65,20,7.04,5,0.19,. .,1-2-4,3730,1-2-4,1300,1-2,1340,1-2,1150
徳山,2026/2/8,1,6,6,5401,谷海夏人,finish,57,69,6.95,6,0.19,. .,1-2-4,3730,1-2-4,1300,1-2,1340,1-2,1150
徳山,2026/2/8,2,1,4,4644,山田亮太,finish,74,15,7.04,4,0.20,1.50.6,4-5-1,17540,1-4-5,1620,4-5,4660,4-5,3440
徳山,2026/2/8,2,2,5,3928,林恵祐,finish,11,29,7.04,5,0.29,1.51.8,4-5-1,17540,1-4-5,1620,4-5,4660,4-5,3440
徳山,2026/2/8,2,3,1,5075,中島秀治,finish,14,12,6.98,1,0.35,1.52.6,4-5-1,17540,1-4-5,1620,4-5,4660,4-5,3440
徳山,2026/2/8,2,4,6,5081,篠原飛翔,finish,51,24,7.00,6,0.27,1.53.8,4-5-1,17540,1-4-5,1620,4-5,4660,4-5,3440
徳山,2026/2/8,2,5,2,4691,水原慎,finish,56,50,7.00,2,0.34,. .,4-5-1,17540,1-4-5,1620,4-5,4660,4-5,3440
徳山,2026/2/8,2,6,3,5206,梅原祥平,finish,26,42,7.08,3,0.29,. .,4-5-1,17540,1-4-5,1620,4-5,4660,4-5,3440
徳山,2026/2/8,3,1,1,4544,松田大志郎,finish,17,64,6.89,1,0.09,1.49.2,1-4-2,2810,1-2-4,540,1-4,1040,1-4,800
徳山,2026/2/8,3,2,4,3471,赤峰和也,finish,54,72,6.95,4,0.08,1.51.9,1-4-2,2810,1-2-4,540,1-4,1040,1-4,800
徳山,2026/2/8,3,3,2,4039,村上功祐,finish,55,68,6.97,2,0.08,1.52.9,1-4-2,2810,1-2-4,540,1-4,1040,1-4,800
徳山,2026/2/8,3,4,3,4558,宮野仁,finish,61,70,6.96,3,0.08,1.54.1,1-4-2,2810,1-2-4,540,1-4,1040,1-4,800
徳山,2026/2/8,3,5,5,4778,堤啓輔,finish,23,46,6.95,6,0.13,. .,1-4-2,2810,1-2-4,540,1-4,1040,1-4,800
徳山,2026/2/8,3,6,6,4747,山戸信二,finish,58,26,6.97,5,0.12,. .,1-4-2,2810,1-2-4,540,1-4,1040,1-4,800
徳山,2026/2/8,4,1,1,3713,伊藤誠二,finish,21,13,6.85,1,0.21,1.49.3,1-2-5,1490,1-2-5,900,1-2,470,1-2,410
徳山,2026/2/8,4,2,2,4836,大谷健太,finish,75,53,6.89,2,0.35,1.52.1,1-2-5,1490,1-2-5,900,1-2,470,1-2,410
徳山,2026/2/8,4,3,5,4171,榎幸司,finish,67,63,7.07,5,0.35,1.53.6,1-2-5,1490,1-2-5,900,1-2,470,1-2,410
徳山,2026/2/8,4,4,6,4817,渡邉翼,finish,52,40,6.97,6,0.35,1.54.5,1-2-5,1490,1-2-5,900,1-2,470,1-2,410
徳山,2026/2/8,4,5,3,5386,米玉利大悟,finish,27,52,6.98,3,0.39,. .,1-2-5,1490,1-2-5,900,1-2,470,1-2,410
徳山,2026/2/8,4,6,4,3747,國崎良春,finish,18,74,6.88,4,0.51,. .,1-2-5,1490,1-2-5,900,1-2,470,1-2,410
徳山,2026/2/8,5,1,1,4989,石原翼,finish,29,45,6.95,1,0.15,1.50.0,1-3-4,1920,1-3-4,710,1-3,850,1-3,460
徳山,2026/2/8,5,2,3,4204,柴田大輔,finish,22,18,6.89,3,0.17,1.50.5,1-3-4,1920,1-3-4,710,1-3,850,1-3,460
徳山,2026/2/8,5,3,4,5066,鈴木孝明,finish,60,23,6.89,4,0.15,1.51.2,1-3-4,1920,1-3-4,710,1-3,850,1-3,460
徳山,2026/2/8,5,4,2,4247,齊藤優,finish,53,67,6.92,2,0.16,1.53.0,1-3-4,1920,1-3-4,710,1-3,850,1-3,460
徳山,2026/2/8,5,5,6,5141,大澤風葵,finish,19,73,6.90,5,0.17,. .,1-3-4,1920,1-3-4,710,1-3,850,1-3,460
徳山,2026/2/8,5,6,5,3461,渡邊哲也,finish,71,62,7.01,6,0.26,. .,1-3-4,1920,1-3-4,710,1-3,850,1-3,460
徳山,2026/2/8,6,1,1,4979,中野夢斗,finish,63,58,6.89,1,0.19,1.51.5,1-6-3,3600,1-3-6,520,1-6,1630,1-6,980
徳山,2026/2/8,6,2,6,4672,守屋大地,finish,59,57,6.90,6,0.21,1.52.6,1-6-3,3600,1-3-6,520,1-6,1630,1-6,980
徳山,2026/2/8,6,3,3,3872,岡田憲行,finish,70,30,6.87,3,0.19,1.54.7,1-6-3,3600,1-3-6,520,1-6,1630,1-6,980
徳山,2026/2/8,6,4,4,3831,安藤裕貴,finish,16,34,6.86,4,0.22,1.56.0,1-6-3,3600,1-3-6,520,1-6,1630,1-6,980
徳山,2026/2/8,6,5,5,3544,豊田訓靖,finish,64,71,6.89,5,0.29,. .,1-6-3,3600,1-3-6,520,1-6,1630,1-6,980
徳山,2026/2/8,6,6,2,3928,林恵祐,finish,11,29,6.89,2,0.21,. .,1-6-3,3600,1-3-6,520,1-6,1630,1-6,980
徳山,2026/2/8,7,1,1,3661,柳瀬興志,finish,30,41,6.93,1,0.13,1.50.7,1-4-5,3430,1-4-5,1820,1-4,470,1-4,530
徳山,2026/2/8,7,2,4,4978,山田和佐,finish,13,37,7.03,4,0.14,1.51.5,1-4-5,3430,1-4-5,1820,1-4,470,1-4,530
徳山,2026/2/8,7,3,5,3577,向所浩二,finish,12,36,7.01,5,0.09,1.53.5,1-4-5,3430,1-4-5,1820,1-4,470,1-4,530
徳山,2026/2/8,7,4,3,4303,牧原崇,finish,66,38,6.95,3,0.12,1.54.4,1-4-5,3430,1-4-5,1820,1-4,470,1-4,530
徳山,2026/2/8,7,5,6,4158,木場雄二郎,finish,62,51,6.98,6,0.13,. .,1-4-5,3430,1-4-5,1820,1-4,470,1-4,530
徳山,2026/2/8,7,6,2,5206,梅原祥平,finish,26,42,6.98,2,0.13,. .,1-4-5,3430,1-4-5,1820,1-4,470,1-4,530
徳山,2026/2/8,8,1,1,4425,大井清貴,finish,15,75,6.91,1,0.18,1.50.1,1-3-4,1170,1-3-4,530,1-3,340,1-3,280
徳山,2026/2/8,8,2,3,4039,村上功祐,finish,55,68,6.97,3,0.16,1.52.5,1-3-4,1170,1-3-4,530,1-3,340,1-3,280
徳山,2026/2/8,8,3,4,4615,板倉敦史,finish,73,35,6.93,4,0.21,1.53.4,1-3-4,1170,1-3-4,530,1-3,340,1-3,280
徳山,2026/2/8,8,4,5,5386,米玉利大悟,finish,27,52,6.96,5,0.21,1.54.7,1-3-4,1170,1-3-4,530,1-3,340,1-3,280
徳山,2026/2/8,8,5,2,4747,山戸信二,finish,58,26,6.93,2,0.21,. .,1-3-4,1170,1-3-4,530,1-3,340,1-3,280
徳山,2026/2/8,8,6,6,3918,深井利寿,finish,68,17,6.93,6,0.23,. .,1-3-4,1170,1-3-4,530,1-3,340,1-3,280
徳山,2026/2/8,9,1,1,4171,榎幸司,finish,67,63,7.03,1,0.14,1.51.5,1-4-2,2340,1-2-4,880,1-4,510,1-4,390
徳山,2026/2/8,9,2,4,4085,荻野裕介,finish,24,19,6.93,4,0.16,1.52.7,1-4-2,2340,1-2-4,880,1-4,510,1-4,390
徳山,2026/2/8,9,3,2,3107,平岡重典,finish,20,49,6.94,2,0.14,1.53.1,1-4-2,2340,1-2-4,880,1-4,510,1-4,390
徳山,2026/2/8,9,4,5,4247,齊藤優,finish,53,67,6.88,5,0.14,1.53.2,1-4-2,2340,1-2-4,880,1-4,510,1-4,390
徳山,2026/2/8,9,5,6,4544,松田大志郎,finish,17,64,6.91,6,0.21,. .,1-4-2,2340,1-2-4,880,1-4,510,1-4,390
徳山,2026/2/8,9,6,3,4778,堤啓輔,finish,23,46,6.96,3,0.14,. .,1-4-2,2340,1-2-4,880,1-4,510,1-4,390
徳山,2026/2/8,10,1,6,3713,伊藤誠二,finish,21,13,6.97,3,0.13,1.48.8,6-1-3,16220,1-3-6,1410,6-1,4310,1-6,1050
徳山,2026/2/8,10,2,1,4672,守屋大地,finish,59,57,6.95,1,0.06,1.50.8,6-1-3,16220,1-3-6,1410,6-1,4310,1-6,1050
徳山,2026/2/8,10,3,3,4817,渡邉翼,finish,52,40,6.96,2,0.12,1.52.8,6-1-3,16220,1-3-6,1410,6-1,4310,1-6,1050
徳山,2026/2/8,10,4,5,4691,水原慎,finish,56,50,6.91,6,0.14,1.54.1,6-1-3,16220,1-3-6,1410,6-1,4310,1-6,1050
徳山,2026/2/8,10,5,4,4558,宮野仁,finish,61,70,6.95,5,0.18,. .,6-1-3,16220,1-3-6,1410,6-1,4310,1-6,1050
徳山,2026/2/8,10,6,2,5066,鈴木孝明,finish,60,23,6.88,4,0.16,. .,6-1-3,16220,1-3-6,1410,6-1,4310,1-6,1050
徳山,2026/2/8,11,1,4,5075,中島秀治,finish,14,12,6.95,4,0.06,1.50.1,4-6-2,21160,2-4-6,2530,4-6,6630,4-6,5170
徳山,2026/2/8,11,2,6,3661,柳瀬興志,finish,30,41,6.99,6,0.20,1.51.1,4-6-2,21160,2-4-6,2530,4-6,6630,4-6,5170
徳山,2026/2/8,11,3,2,5141,大澤風葵,finish,19,73,6.96,2,0.17,1.53.0,4-6-2,21160,2-4-6,2530,4-6,6630,4-6,5170
徳山,2026/2/8,11,4,1,5081,篠原飛翔,finish,51,24,6.99,1,0.20,1.55.4,4-6-2,21160,2-4-6,2530,4-6,6630,4-6,5170
徳山,2026/2/8,11,5,5,4303,牧原崇,finish,66,38,7.09,5,0.19,. .,4-6-2,21160,2-4-6,2530,4-6,6630,4-6,5170
徳山,2026/2/8,11,6,3,3703,鳥飼眞,finish,28,54,6.99,3,0.19,. .,4-6-2,21160,2-4-6,2530,4-6,6630,4-6,5170
徳山,2026/2/8,12,1,1,3918,深井利寿,finish,68,17,6.90,1,0.14,1.49.7,1-3-2,740,1-2-3,330,1-3,220,1-3,190
徳山,2026/2/8,12,2,3,4644,山田亮太,finish,74,15,6.94,3,0.08,1.51.9,1-3-2,740,1-2-3,330,1-3,220,1-3,190
徳山,2026/2/8,12,3,2,4128,川口貴久,finish,65,20,6.99,2,0.09,1.53.5,1-3-2,740,1-2-3,330,1-3,220,1-3,190
徳山,2026/2/8,12,4,4,4989,石原翼,finish,29,45,6.95,4,0.14,1.53.8,1-3-2,740,1-2-3,330,1-3,220,1-3,190
徳山,2026/2/8,12,5,6,4979,中野夢斗,finish,63,58,6.95,6,0.22,. .,1-3-2,740,1-2-3,330,1-3,220,1-3,190
徳山,2026/2/8,12,6,5,4425,大井清貴,finish,15,75,6.98,5,0.19,. .,1-3-2,740,1-2-3,330,1-3,220,1-3,190
宮島,2026/2/8,1,1,1,5092,篠原晟弥,finish,66,67,6.72,1,0.09,1.49.5,1-6-5,2760,1-5-6,400,1-6,880,1-6,840
宮島,2026/2/8,1,2,6,5000,岡本翔太郎,finish,18,15,6.69,6,0.11,1.51.4,1-6-5,2760,1-5-6,400,1-6,880,1-6,840
宮島,2026/2/8,1,3,5,4957,竹之内極,finish,20,64,6.68,5,0.12,1.53.1,1-6-5,2760,1-5-6,400,1-6,880,1-6,840
宮島,2026/2/8,1,4,3,3459,中野和裕,finish,59,71,6.67,3,0.29,1.53.7,1-6-5,2760,1-5-6,400,1-6,880,1-6,840
宮島,2026/2/8,1,5,4,3528,笠野友紀恵,finish,28,63,6.72,4,0.19,1.55.5,1-6-5,2760,1-5-6,400,1-6,880,1-6,840
宮島,2026/2/8,1,6,2,5320,岩崎麗子,finish,76,75,6.69,2,0.26,1.58.0,1-6-5,2760,1-5-6,400,1-6,880,1-6,840
宮島,2026/2/8,2,1,3,4241,大串重幸,finish,23,57,6.72,3,0.12,1.50.9,3-2-6,6120,2-3-6,1480,3-2,1990,2-3,1170
宮島,2026/2/8,2,2,2,4705,吉川勇作,finish,29,70,6.67,2,0.07,1.51.9,3-2-6,6120,2-3-6,1480,3-2,1990,2-3,1170
宮島,2026/2/8,2,3,6,4286,平田さやか,finish,25,58,6.65,5,0.16,1.53.5,3-2-6,6120,2-3-6,1480,3-2,1990,2-3,1170
宮島,2026/2/8,2,4,1,4229,市川美宏,finish,71,81,6.70,1,0.18,1.55.0,3-2-6,6120,2-3-6,1480,3-2,1990,2-3,1170
宮島,2026/2/8,2,5,5,4697,國弘翔平,finish,24,55,6.61,4,0.19,1.56.8,3-2-6,6120,2-3-6,1480,3-2,1990,2-3,1170
宮島,2026/2/8,2,6,4,5391,出穂和鼓,finish,22,31,6.71,6,0.17,1.57.8,3-2-6,6120,2-3-6,1480,3-2,1990,2-3,1170
宮島,2026/2/8,3,1,3,3950,石川哲秀,finish,38,80,6.79,3,0.24,1.50.0,3-1-4,3630,1-3-4,490,3-1,1360,1-3,210
宮島,2026/2/8,3,2,1,3282,池本輝明,finish,58,76,6.73,1,0.24,1.50.4,3-1-4,3630,1-3-4,490,3-1,1360,1-3,210
宮島,2026/2/8,3,3,4,5375,庄島潤成,finish,57,33,6.71,4,0.26,1.52.7,3-1-4,3630,1-3-4,490,3-1,1360,1-3,210
宮島,2026/2/8,3,4,5,3973,崎利仁,finish,50,66,6.81,5,0.25,1.54.1,3-1-4,3630,1-3-4,490,3-1,1360,1-3,210
宮島,2026/2/8,3,5,2,5180,藤本紗弥香,finish,61,60,6.73,2,0.35,1.54.5,3-1-4,3630,1-3-4,490,3-1,1360,1-3,210
宮島,2026/2/8,3,6,6,4987,島倉都,finish,65,39,6.82,6,0.25,1.56.7,3-1-4,3630,1-3-4,490,3-1,1360,1-3,210
宮島,2026/2/8,4,1,2,3233,小畑実成,finish,52,36,6.75,2,0.17,1.15.2,2-3-4,9740,2-3-4,1650,2-3,2620,2-3,1460
宮島,2026/2/8,4,2,3,4416,三宅健太,finish,35,62,6.68,3,0.21,1.16.5,2-3-4,9740,2-3-4,1650,2-3,2620,2-3,1460
宮島,2026/2/8,4,3,4,5060,数原魁,finish,67,22,6.68,5,0.25,1.16.9,2-3-4,9740,2-3-4,1650,2-3,2620,2-3,1460
宮島,2026/2/8,4,4,5,4027,松江秀徳,finish,33,56,6.70,4,0.22,1.17.2,2-3-4,9740,2-3-4,1650,2-3,2620,2-3,1460
宮島,2026/2/8,4,5,1,5325,澁川夏,finish,68,19,6.68,1,0.26,1.19.1,2-3-4,9740,2-3-4,1650,2-3,2620,2-3,1460
宮島,2026/2/8,4,6,6,4059,入澤友治,finish,27,35,6.68,6,0.21,1.20.9,2-3-4,9740,2-3-4,1650,2-3,2620,2-3,1460
宮島,2026/2/8,5,1,1,4017,向井美鈴,finish,21,29,6.61,1,0.08,1.13.6,1-2-3,1350,1-2-3,420,1-2,670,1-2,440
宮島,2026/2/8,5,2,2,3742,宮地秀祈,finish,19,23,6.62,2,0.07,1.15.1,1-2-3,1350,1-2-3,420,1-2,670,1-2,440
宮島,2026/2/8,5,3,3,4215,吉島祥之,finish,63,25,6.67,3,0.08,1.15.4,1-2-3,1350,1-2-3,420,1-2,670,1-2,440
宮島,2026/2/8,5,4,4,5000,岡本翔太郎,finish,18,15,6.62,4,0.05,1.16.3,1-2-3,1350,1-2-3,420,1-2,670,1-2,440
宮島,2026/2/8,5,5,5,3930,岸本隆,finish,60,52,6.72,5,0.06,1.18.1,1-2-3,1350,1-2-3,420,1-2,670,1-2,440
宮島,2026/2/8,5,6,6,3293,宮内由紀英,finish,31,32,6.61,6,0.01,1.20.0,1-2-3,1350,1-2-3,420,1-2,670,1-2,440
宮島,2026/2/8,6,1,1,4319,三宅潤,finish,62,51,6.67,1,0.22,1.13.3,1-2-6,1050,1-2-6,520,1-2,220,1-2,210
宮島,2026/2/8,6,2,2,4957,竹之内極,finish,20,64,6.62,2,0.25,1.14.0,1-2-6,1050,1-2-6,520,1-2,220,1-2,210
宮島,2026/2/8,6,3,6,3406,中里英夫,finish,74,69,6.74,6,0.40,1.14.3,1-2-6,1050,1-2-6,520,1-2,220,1-2,210
宮島,2026/2/8,6,4,4,4076,杉田篤光,finish,55,77,6.72,4,0.42,1.14.9,1-2-6,1050,1-2-6,520,1-2,220,1-2,210
宮島,2026/2/8,6,5,3,3528,笠野友紀恵,finish,28,63,6.71,3,0.35,1.16.4,1-2-6,1050,1-2-6,520,1-2,220,1-2,210
宮島,2026/2/8,6,6,5,4705,吉川勇作,finish,29,70,6.74,5,0.45,1.18.5,1-2-6,1050,1-2-6,520,1-2,220,1-2,210
宮島,2026/2/8,7,1,1,5022,伊藤尚汰,finish,32,65,6.56,1,0.21,1.12.8,1-3-2,820,1-2-3,310,1-3,390,1-3,230
宮島,2026/2/8,7,2,3,4226,村田浩司,finish,39,79,6.75,3,0.22,1.14.5,1-3-2,820,1-2-3,310,1-3,390,1-3,230
宮島,2026/2/8,7,3,2,3459,中野和裕,finish,59,71,6.64,2,0.26,1.15.5,1-3-2,820,1-2-3,310,1-3,390,1-3,230
宮島,2026/2/8,7,4,6,4393,田中孝明,finish,53,21,6.69,6,0.44,1.16.0,1-3-2,820,1-2-3,310,1-3,390,1-3,230
宮島,2026/2/8,7,5,4,4987,島倉都,finish,65,39,6.78,4,0.29,1.17.7,1-3-2,820,1-2-3,310,1-3,390,1-3,230
宮島,2026/2/8,7,6,5,5391,出穂和鼓,finish,22,31,6.70,5,0.29,1.18.7,1-3-2,820,1-2-3,310,1-3,390,1-3,230
宮島,2026/2/8,8,1,5,5375,庄島潤成,finish,57,33,6.68,5,0.26,1.12.9,5-6-3,61510,3-5-6,5980,5-6,7620,5-6,18350
宮島,2026/2/8,8,2,6,5180,藤本紗弥香,finish,61,60,6.70,6,0.41,1.14.3,5-6-3,61510,3-5-6,5980,5-6,7620,5-6,18350
宮島,2026/2/8,8,3,3,4697,國弘翔平,finish,24,55,6.69,3,0.32,1.14.9,5-6-3,61510,3-5-6,5980,5-6,7620,5-6,18350
宮島,2026/2/8,8,4,4,5320,岩崎麗子,finish,76,75,6.72,4,0.22,1.15.7,5-6-3,61510,3-5-6,5980,5-6,7620,5-6,18350
宮島,2026/2/8,8,5,1,4416,三宅健太,finish,35,62,6.67,1,0.28,1.16.2,5-6-3,61510,3-5-6,5980,5-6,7620,5-6,18350
宮島,2026/2/8,8,6,2,5060,数原魁,finish,67,22,6.63,2,0.33,1.17.9,5-6-3,61510,3-5-6,5980,5-6,7620,5-6,18350
宮島,2026/2/8,9,1,1,4215,吉島祥之,finish,63,25,6.69,1,0.12,1.12.8,1-3-4,1670,1-3-4,1230,1-3,270,1-3,300
宮島,2026/2/8,9,2,3,3233,小畑実成,finish,52,36,6.73,3,0.08,1.13.8,1-3-4,1670,1-3-4,1230,1-3,270,1-3,300
宮島,2026/2/8,9,3,4,3867,松浦勝,finish,36,78,6.70,4,0.16,1.14.6,1-3-4,1670,1-3-4,1230,1-3,270,1-3,300
宮島,2026/2/8,9,4,6,4241,大串重幸,finish,23,57,6.70,6,0.15,1.15.6,1-3-4,1670,1-3-4,1230,1-3,270,1-3,300
宮島,2026/2/8,9,5,5,3828,明石正之,finish,26,72,6.71,5,0.15,1.16.8,1-3-4,1670,1-3-4,1230,1-3,270,1-3,300
宮島,2026/2/8,9,6,2,4027,松江秀徳,finish,33,56,6.71,2,0.23,1.17.6,1-3-4,1670,1-3-4,1230,1-3,270,1-3,300
宮島,2026/2/8,10,1,1,4286,平田さやか,finish,25,58,6.66,1,0.02,1.12.7,1-2-4,2620,1-2-4,910,1-2,550,1-2,620
宮島,2026/2/8,10,2,2,3282,池本輝明,finish,58,76,6.71,2,0.08,1.14.4,1-2-4,2620,1-2-4,910,1-2,550,1-2,620
宮島,2026/2/8,10,3,4,5325,澁川夏,finish,68,19,6.70,4,0.06,1.14.7,1-2-4,2620,1-2-4,910,1-2,550,1-2,620
宮島,2026/2/8,10,4,5,3742,宮地秀祈,finish,19,23,6.73,5,0.09,1.16.9,1-2-4,2620,1-2-4,910,1-2,550,1-2,620
宮島,2026/2/8,10,5,6,4229,市川美宏,finish,71,81,6.70,6,0.20,1.17.3,1-2-4,2620,1-2-4,910,1-2,550,1-2,620
宮島,2026/2/8,10,6,3,5092,篠原晟弥,finish,66,67,6.73,3,0.05,1.19.4,1-2-4,2620,1-2-4,910,1-2,550,1-2,620
宮島,2026/2/8,11,1,1,4059,入澤友治,finish,27,35,6.81,1,0.28,1.12.3,1-2-4,1680,1-2-4,1080,1-2,340,1-2,330
宮島,2026/2/8,11,2,2,4017,向井美鈴,finish,21,29,6.78,2,0.32,1.13.0,1-2-4,1680,1-2-4,1080,1-2,340,1-2,330
宮島,2026/2/8,11,3,4,3950,石川哲秀,finish,38,80,6.87,4,0.23,1.14.3,1-2-4,1680,1-2-4,1080,1-2,340,1-2,330
宮島,2026/2/8,11,4,6,5022,伊藤尚汰,finish,32,65,6.75,6,0.33,1.15.2,1-2-4,1680,1-2-4,1080,1-2,340,1-2,330
宮島,2026/2/8,11,5,3,4319,三宅潤,finish,62,51,6.78,3,0.30,1.16.3,1-2-4,1680,1-2-4,1080,1-2,340,1-2,330
宮島,2026/2/8,11,6,5,4076,杉田篤光,finish,55,77,6.83,5,0.41,1.18.1,1-2-4,1680,1-2-4,1080,1-2,340,1-2,330
宮島,2026/2/8,12,1,1,4372,原田佑実,finish,16,59,6.60,1,0.11,1.12.3,1-3-2,1200,1-2-3,370,1-3,420,1-3,340
宮島,2026/2/8,12,2,3,4771,下寺秀和,finish,75,38,6.65,3,0.11,1.13.6,1-3-2,1200,1-2-3,370,1-3,420,1-3,340
宮島,2026/2/8,12,3,2,4189,川上剛,finish,30,34,6.66,2,0.16,1.14.5,1-3-2,1200,1-2-3,370,1-3,420,1-3,340
宮島,2026/2/8,12,4,5,3641,一瀬明,finish,34,20,6.67,5,0.12,1.15.1,1-3-2,1200,1-2-3,370,1-3,420,1-3,340
宮島,2026/2/8,12,5,4,3874,山本寛久,finish,51,18,6.61,4,0.12,1.15.6,1-3-2,1200,1-2-3,370,1-3,420,1-3,340
宮島,2026/2/8,12,6,6,3811,石田章央,finish,37,26,6.64,6,0.13,1.16.2,1-3-2,1200,1-2-3,370,1-3,420,1-3,340
児島,2026/2/8,1,1,3,4941,孫崎百世,finish,47,42,6.92,3,0.12,1.50.2,3-1-4,5780,1-3-4,670,3-1,1750,1-3,560
児島,2026/2/8,1,2,1,4853,前原哉,finish,53,43,6.98,1,0.12,1.50.4,3-1-4,5780,1-3-4,670,3-1,1750,1-3,560
児島,2026/2/8,1,3,4,4844,村上奈穂,finish,70,25,6.92,4,0.11,1.53.9,3-1-4,5780,1-3-4,670,3-1,1750,1-3,560
児島,2026/2/8,1,4,2,3994,小野桜,finish,51,18,7.07,2,0.17,1.55.0,3-1-4,5780,1-3-4,670,3-1,1750,1-3,560
児島,2026/2/8,1,5,5,5442,池田美優,finish,13,30,6.88,6,0.23,. .,3-1-4,5780,1-3-4,670,3-1,1750,1-3,560
児島,2026/2/8,1,6,6,3551,藤田美代,finish,46,33,6.92,5,0.13,. .,3-1-4,5780,1-3-4,670,3-1,1750,1-3,560
児島,2026/2/8,2,1,1,4909,薮内瑞希,finish,69,61,6.86,1,0.13,1.49.4,1-2-3,1850,1-2-3,510,1-2,600,1-2,670
児島,2026/2/8,2,2,2,5113,黒明花夢,finish,67,29,6.97,2,0.18,1.51.2,1-2-3,1850,1-2-3,510,1-2,600,1-2,670
児島,2026/2/8,2,3,3,5079,大石真央,finish,39,67,7.02,3,0.15,1.52.9,1-2-3,1850,1-2-3,510,1-2,600,1-2,670
児島,2026/2/8,2,4,5,5194,大久保佑香,finish,48,66,6.99,5,0.27,1.54.4,1-2-3,1850,1-2-3,510,1-2,600,1-2,670
児島,2026/2/8,2,5,4,4534,坂咲友理,finish,52,39,6.93,4,0.24,. .,1-2-3,1850,1-2-3,510,1-2,600,1-2,670
児島,2026/2/8,2,6,6,4775,千葉真弥,finish,26,22,6.98,6,0.32,. .,1-2-3,1850,1-2-3,510,1-2,600,1-2,670
児島,2026/2/8,3,1,2,5189,藤原早菜,finish,12,55,6.94,2,0.20,1.49.3,2-3-5,2250,2-3-5,850,2-3,560,2-3,350
児島,2026/2/8,3,2,3,5146,野田彩加,finish,34,47,7.01,3,0.12,1.51.3,2-3-5,2250,2-3-5,850,2-3,560,2-3,350
児島,2026/2/8,3,3,5,4891,寺島美里,finish,44,17,6.98,5,0.15,1.53.1,2-3-5,2250,2-3-5,850,2-3,560,2-3,350
児島,2026/2/8,3,4,1,5360,高木茉白,finish,66,36,6.95,1,0.16,1.53.7,2-3-5,2250,2-3-5,850,2-3,560,2-3,350
児島,2026/2/8,3,5,6,5435,中西月輝,finish,38,40,6.86,6,0.33,. .,2-3-5,2250,2-3-5,850,2-3,560,2-3,350
児島,2026/2/8,3,6,4,5192,中尾優香,finish,22,59,7.05,4,0.12,. .,2-3-5,2250,2-3-5,850,2-3,560,2-3,350
児島,2026/2/8,4,1,3,5165,小林愛実,finish,55,38,6.78,3,0.12,1.49.0,3-2-6,14730,2-3-6,5040,3-2,2280,2-3,1010
児島,2026/2/8,4,2,2,4924,中北涼,finish,17,74,6.91,2,0.14,1.51.3,3-2-6,14730,2-3-6,5040,3-2,2280,2-3,1010
児島,2026/2/8,4,3,6,5129,山口真喜子,finish,32,13,6.89,6,0.18,1.52.3,3-2-6,14730,2-3-6,5040,3-2,2280,2-3,1010
児島,2026/2/8,4,4,4,5155,内山七海,finish,40,20,6.90,4,0.16,1.53.1,3-2-6,14730,2-3-6,5040,3-2,2280,2-3,1010
児島,2026/2/8,4,5,5,4536,喜井つかさ,finish,59,32,6.88,5,0.18,. .,3-2-6,14730,2-3-6,5040,3-2,2280,2-3,1010
児島,2026/2/8,4,6,1,4525,真子奈津実,finish,58,60,6.88,1,0.07,. .,3-2-6,14730,2-3-6,5040,3-2,2280,2-3,1010
児島,2026/2/8,5,1,3,4387,平山智加,finish,60,62,6.91,3,0.07,1.47.8,3-1-4,1190,1-3-4,350,3-1,500,1-3,260
児島,2026/2/8,5,2,1,5078,山川波乙,finish,43,34,6.91,1,0.13,1.49.3,3-1-4,1190,1-3-4,350,3-1,500,1-3,260
児島,2026/2/8,5,3,4,3334,角ひとみ,finish,54,72,6.96,4,0.07,1.54.0,3-1-4,1190,1-3-4,350,3-1,500,1-3,260
児島,2026/2/8,5,4,6,3357,福島陽子,finish,64,71,7.11,5,0.09,1.55.3,3-1-4,1190,1-3-4,350,3-1,500,1-3,260
児島,2026/2/8,5,5,2,3845,中谷朋子,finish,45,12,6.88,2,0.14,. .,3-1-4,1190,1-3-4,350,3-1,500,1-3,260
児島,2026/2/8,5,6,5,5324,畑田希咲,finish,15,37,6.90,6,0.16,. .,3-1-4,1190,1-3-4,350,3-1,500,1-3,260
児島,2026/2/8,6,1,1,4773,中川りな,finish,29,31,7.06,1,0.25,1.48.8,1-3-5,900,1-3-5,290,1-3,520,1-3,470
児島,2026/2/8,6,2,3,4098,赤澤文香,finish,28,58,7.09,3,0.21,1.50.2,1-3-5,900,1-3-5,290,1-3,520,1-3,470
児島,2026/2/8,6,3,5,4482,守屋美穂,finish,19,73,7.05,5,0.16,1.51.3,1-3-5,900,1-3-5,290,1-3,520,1-3,470
児島,2026/2/8,6,4,2,4897,深見亜由美,finish,14,64,7.15,2,0.28,1.53.2,1-3-5,900,1-3-5,290,1-3,520,1-3,470
児島,2026/2/8,6,5,4,4784,向井田真紀,finish,18,70,7.12,4,0.19,. .,1-3-5,900,1-3-5,290,1-3,520,1-3,470
児島,2026/2/8,6,6,6,5440,薗頭心,finish,37,54,7.00,6,0.12,. .,1-3-5,900,1-3-5,290,1-3,520,1-3,470
児島,2026/2/8,7,1,1,5123,福山恵里奈,finish,68,27,6.96,1,0.12,1.48.6,1-2-6,1510,1-2-6,610,1-2,560,1-2,450
児島,2026/2/8,7,2,2,5317,長尾萌加,finish,49,51,7.06,2,0.15,1.50.0,1-2-6,1510,1-2-6,610,1-2,560,1-2,450
児島,2026/2/8,7,3,6,4225,土屋千明,finish,24,14,6.97,6,0.16,1.51.5,1-2-6,1510,1-2-6,610,1-2,560,1-2,450
児島,2026/2/8,7,4,4,5373,諏訪玲奈,finish,33,21,6.88,4,0.13,1.52.0,1-2-6,1510,1-2-6,610,1-2,560,1-2,450
児島,2026/2/8,7,5,3,4775,千葉真弥,finish,26,22,7.01,3,0.07,. .,1-2-6,1510,1-2-6,610,1-2,560,1-2,450
児島,2026/2/8,7,6,5,4941,孫崎百世,finish,47,42,7.02,5,0.19,. .,1-2-6,1510,1-2-6,610,1-2,560,1-2,450
児島,2026/2/8,8,1,3,4964,土屋南,finish,30,23,6.88,3,0.13,1.50.2,3-2-5,4750,2-3-5,1850,3-2,1510,2-3,1390
児島,2026/2/8,8,2,2,5250,嶋田有里,finish,63,48,7.03,2,0.24,1.52.3,3-2-5,4750,2-3-5,1850,3-2,1510,2-3,1390
児島,2026/2/8,8,3,5,4924,中北涼,finish,17,74,7.05,5,0.13,1.54.0,3-2-5,4750,2-3-5,1850,3-2,1510,2-3,1390
児島,2026/2/8,8,4,1,5192,中尾優香,finish,22,59,7.04,1,0.24,1.55.3,3-2-5,4750,2-3-5,1850,3-2,1510,2-3,1390
児島,2026/2/8,8,5,4,5079,大石真央,finish,39,67,7.01,4,0.10,. .,3-2-5,4750,2-3-5,1850,3-2,1510,2-3,1390
児島,2026/2/8,8,6,6,5442,池田美優,finish,13,30,7.02,6,0.15,. .,3-2-5,4750,2-3-5,1850,3-2,1510,2-3,1390
児島,2026/2/8,9,1,2,4844,村上奈穂,finish,70,25,6.82,2,0.08,1.49.3,2-5-1,10340,1-2-5,400,2-5,4610,2-5,1700
児島,2026/2/8,9,2,5,5189,藤原早菜,finish,12,55,6.91,5,0.20,1.50.4,2-5-1,10340,1-2-5,400,2-5,4610,2-5,1700
児島,2026/2/8,9,3,1,4065,金田幸子,finish,21,49,6.90,1,0.11,1.50.9,2-5-1,10340,1-2-5,400,2-5,4610,2-5,1700
児島,2026/2/8,9,4,3,4525,真子奈津実,finish,58,60,6.88,3,0.09,1.52.4,2-5-1,10340,1-2-5,400,2-5,4610,2-5,1700
児島,2026/2/8,9,5,4,5416,龍田真白,finish,36,41,6.83,4,0.13,. .,2-5-1,10340,1-2-5,400,2-5,4610,2-5,1700
児島,2026/2/8,9,6,6,5194,大久保佑香,finish,48,66,7.11,6,0.27,. .,2-5-1,10340,1-2-5,400,2-5,4610,2-5,1700
児島,2026/2/8,10,1,2,4891,寺島美里,finish,44,17,6.91,2,0.12,1.50.0,2-5-4,8420,2-4-5,1330,2-5,2570,2-5,1570
児島,2026/2/8,10,2,5,5165,小林愛実,finish,55,38,6.94,5,0.19,1.50.8,2-5-4,8420,2-4-5,1330,2-5,2570,2-5,1570
児島,2026/2/8,10,3,4,4773,中川りな,finish,29,31,7.00,4,0.18,1.53.0,2-5-4,8420,2-4-5,1330,2-5,2570,2-5,1570
児島,2026/2/8,10,4,1,3334,角ひとみ,finish,54,72,6.98,1,0.17,1.53.8,2-5-4,8420,2-4-5,1330,2-5,2570,2-5,1570
児島,2026/2/8,10,5,3,3994,小野桜,finish,51,18,7.03,3,0.16,. .,2-5-4,8420,2-4-5,1330,2-5,2570,2-5,1570
児島,2026/2/8,10,6,6,5287,滝沢織寧,finish,56,53,6.90,6,0.30,. .,2-5-4,8420,2-4-5,1330,2-5,2570,2-5,1570
児島,2026/2/8,11,1,4,4387,平山智加,finish,60,62,7.03,4,0.22,1.49.9,4-6-1,7400,1-4-6,890,4-6,2290,4-6,2320
児島,2026/2/8,11,2,6,5317,長尾萌加,finish,49,51,6.98,6,0.32,1.51.1,4-6-1,7400,1-4-6,890,4-6,2290,4-6,2320
児島,2026/2/8,11,3,1,4536,喜井つかさ,finish,59,32,6.90,1,0.36,1.52.6,4-6-1,7400,1-4-6,890,4-6,2290,4-6,2320
児島,2026/2/8,11,4,3,4784,向井田真紀,finish,18,70,6.97,3,0.26,1.53.5,4-6-1,7400,1-4-6,890,4-6,2290,4-6,2320
児島,2026/2/8,11,5,5,3551,藤田美代,finish,46,33,7.02,5,0.23,. .,4-6-1,7400,1-4-6,890,4-6,2290,4-6,2320
児島,2026/2/8,11,6,2,4909,薮内瑞希,finish,69,61,6.97,2,0.27,. .,4-6-1,7400,1-4-6,890,4-6,2290,4-6,2320
児島,2026/2/8,12,1,1,4964,土屋南,finish,30,23,6.80,1,0.07,1.48.6,1-4-6,2570,1-4-6,1440,1-4,390,1-4,260
児島,2026/2/8,12,2,4,4482,守屋美穂,finish,19,73,6.91,4,0.16,1.50.0,1-4-6,2570,1-4-6,1440,1-4,390,1-4,260
児島,2026/2/8,12,3,6,5155,内山七海,finish,40,20,6.96,6,0.17,1.52.3,1-4-6,2570,1-4-6,1440,1-4,390,1-4,260
児島,2026/2/8,12,4,2,5146,野田彩加,finish,34,47,6.92,2,0.11,1.53.1,1-4-6,2570,1-4-6,1440,1-4,390,1-4,260
児島,2026/2/8,12,5,3,4225,土屋千明,finish,24,14,7.03,3,0.08,. .,1-4-6,2570,1-4-6,1440,1-4,390,1-4,260
児島,2026/2/8,12,6,5,5078,山川波乙,finish,43,34,6.99,5,0.28,. .,1-4-6,2570,1-4-6,1440,1-4,390,1-4,260
住之江,2026/2/8,1,1,1,4446,和田兼輔,finish,67,91,7.01,1,0.09,1.49.4,1-4-5,2400,1-4-5,1460,1-4,590,1-4,460
住之江,2026/2/8,1,2,4,4218,吉川喜継,finish,60,83,7.06,4,0.16,1.50.3,1-4-5,2400,1-4-5,1460,1-4,590,1-4,460
住之江,2026/2/8,1,3,5,4907,小池修平,finish,56,12,7.00,5,0.16,1.51.2,1-4-5,2400,1-4-5,1460,1-4,590,1-4,460
住之江,2026/2/8,1,4,3,4427,秦英悟,finish,29,93,6.98,3,0.15,1.52.4,1-4-5,2400,1-4-5,1460,1-4,590,1-4,460
住之江,2026/2/8,1,5,2,3997,北村征嗣,finish,61,65,7.05,2,0.14,1.53.8,1-4-5,2400,1-4-5,1460,1-4,590,1-4,460
住之江,2026/2/8,1,6,6,4857,加藤翔馬,finish,54,24,7.06,6,0.20,1.55.3,1-4-5,2400,1-4-5,1460,1-4,590,1-4,460
住之江,2026/2/8,2,1,1,4295,小坂尚哉,finish,80,78,7.05,1,0.13,1.49.4,1-6-2,2890,1-2-6,610,1-6,980,1-6,860
住之江,2026/2/8,2,2,6,4908,上田龍星,finish,17,60,6.97,6,0.14,1.50.2,1-6-2,2890,1-2-6,610,1-6,980,1-6,860
住之江,2026/2/8,2,3,2,3557,太田和美,finish,74,15,7.09,2,0.19,1.51.8,1-6-2,2890,1-2-6,610,1-6,980,1-6,860
住之江,2026/2/8,2,4,3,4512,高野哲史,finish,27,28,7.11,3,0.19,1.52.6,1-6-2,2890,1-2-6,610,1-6,980,1-6,860
住之江,2026/2/8,2,5,4,4659,木下翔太,finish,35,53,7.19,4,0.15,1.53.8,1-6-2,2890,1-2-6,610,1-6,980,1-6,860
住之江,2026/2/8,2,6,5,4877,鈴谷一平,finish,11,27,7.17,5,0.13,1.56.0,1-6-2,2890,1-2-6,610,1-6,980,1-6,860
住之江,2026/2/8,3,1,1,4826,井上一輝,finish,62,57,7.06,1,0.14,1.58.0,1-3-2,740,1-2-3,350,1-3,290,1-3,280
住之江,2026/2/8,3,2,3,4743,木村仁紀,finish,70,31,7.15,3,0.14,2.00.6,1-3-2,740,1-2-3,350,1-3,290,1-3,280
住之江,2026/2/8,3,3,2,5126,山下大輝,finish,24,61,6.97,2,0.18,2.03.0,1-3-2,740,1-2-3,350,1-3,290,1-3,280
住之江,2026/2/8,3,4,4,5221,竹間隆晟,finish,73,32,7.10,4,0.13,2.13.2,1-3-2,740,1-2-3,350,1-3,290,1-3,280
住之江,2026/2/8,3,,5,3721,守田俊介,S2,,,,,,,,,,,,,,
住之江,2026/2/8,3,,6,4356,長岡良也,S0,,,,,,,,,,,,,,
住之江,2026/2/8,4,1,1,4391,松田祐季,finish,81,79,6.90,1,0.15,1.49.7,1-3-2,950,1-2-3,360,1-3,380,1-3,160
住之江,2026/2/8,4,2,3,4002,古結宏,finish,18,92,6.84,3,0.14,1.50.6,1-3-2,950,1-2-3,360,1-3,380,1-3,160
住之江,2026/2/8,4,3,2,5016,宮田龍馬,finish,12,13,6.84,2,0.12,1.51.7,1-3-2,950,1-2-3,360,1-3,380,1-3,160
住之江,2026/2/8,4,4,5,4278,藤岡俊介,finish,90,35,6.95,5,0.19,1.52.7,1-3-2,950,1-2-3,360,1-3,380,1-3,160
住之江,2026/2/8,4,5,4,4311,岡村仁,finish,23,88,6.87,4,0.20,1.53.9,1-3-2,950,1-2-3,360,1-3,380,1-3,160
住之江,2026/2/8,4,6,6,4502,遠藤エミ,finish,57,51,6.84,6,0.22,1.55.3,1-3-2,950,1-2-3,360,1-3,380,1-3,160
住之江,2026/2/8,5,1,1,4472,尾嶋一広,finish,13,37,6.84,1,0.23,1.49.2,1-4-6,2360,1-4-6,1610,1-4,600,1-4,410
住之江,2026/2/8,5,2,4,4137,君島秀三,finish,72,86,6.93,4,0.21,1.50.8,1-4-6,2360,1-4-6,1610,1-4,600,1-4,410
住之江,2026/2/8,5,3,6,4446,和田兼輔,finish,67,91,6.84,6,0.15,1.51.5,1-4-6,2360,1-4-6,1610,1-4,600,1-4,410
住之江,2026/2/8,5,4,2,4686,丸野一樹,finish,16,39,6.88,2,0.21,1.51.6,1-4-6,2360,1-4-6,1610,1-4,600,1-4,410
住之江,2026/2/8,5,5,3,4055,吉田俊彦,finish,22,54,6.98,3,0.22,1.53.6,1-4-6,2360,1-4-6,1610,1-4,600,1-4,410
住之江,2026/2/8,5,6,5,3997,北村征嗣,finish,61,65,6.91,5,0.20,1.55.7,1-4-6,2360,1-4-6,1610,1-4,600,1-4,410
住之江,2026/2/8,6,1,1,4857,加藤翔馬,finish,54,24,7.01,1,0.14,1.49.5,1-2-3,1120,1-2-3,390,1-2,380,1-2,290
住之江,2026/2/8,6,2,2,4877,鈴谷一平,finish,11,27,6.94,2,0.16,1.51.0,1-2-3,1120,1-2-3,390,1-2,380,1-2,290
住之江,2026/2/8,6,3,3,5088,高憧四季,finish,87,77,6.88,3,0.16,1.51.8,1-2-3,1120,1-2-3,390,1-2,380,1-2,290
住之江,2026/2/8,6,4,6,4061,萩原秀人,finish,39,62,7.05,6,0.22,1.52.9,1-2-3,1120,1-2-3,390,1-2,380,1-2,290
住之江,2026/2/8,6,5,4,4427,秦英悟,finish,29,93,6.90,4,0.10,1.53.9,1-2-3,1120,1-2-3,390,1-2,380,1-2,290
住之江,2026/2/8,6,6,5,3557,太田和美,finish,74,15,7.02,5,0.16,1.54.1,1-2-3,1120,1-2-3,390,1-2,380,1-2,290
住之江,2026/2/8,7,1,1,4743,木村仁紀,finish,70,31,7.01,1,0.13,1.49.1,1-2-5,1430,1-2-5,580,1-2,280,1-2,190
住之江,2026/2/8,7,2,2,4907,小池修平,finish,56,12,6.97,2,0.18,1.50.4,1-2-5,1430,1-2-5,580,1-2,280,1-2,190
住之江,2026/2/8,7,3,5,5126,山下大輝,finish,24,61,6.85,5,0.13,1.52.0,1-2-5,1430,1-2-5,580,1-2,280,1-2,190
住之江,2026/2/8,7,4,6,4295,小坂尚哉,finish,80,78,6.93,6,0.15,1.52.8,1-2-5,1430,1-2-5,580,1-2,280,1-2,190
住之江,2026/2/8,7,5,3,4218,吉川喜継,finish,60,83,7.08,3,0.15,1.53.3,1-2-5,1430,1-2-5,580,1-2,280,1-2,190
住之江,2026/2/8,7,6,4,4512,高野哲史,finish,27,28,6.99,4,0.16,1.55.5,1-2-5,1430,1-2-5,580,1-2,280,1-2,190
住之江,2026/2/8,8,1,1,4908,上田龍星,finish,17,60,6.78,1,0.19,1.48.7,1-3-6,2270,1-3-6,1770,1-3,340,1-3,330
住之江,2026/2/8,8,2,3,4659,木下翔太,finish,35,53,6.93,3,0.18,1.50.6,1-3-6,2270,1-3-6,1770,1-3,340,1-3,330
住之江,2026/2/8,8,3,6,4826,井上一輝,finish,62,57,6.89,6,0.15,1.52.0,1-3-6,2270,1-3-6,1770,1-3,340,1-3,330
住之江,2026/2/8,8,4,5,5016,宮田龍馬,finish,12,13,6.85,5,0.21,1.53.2,1-3-6,2270,1-3-6,1770,1-3,340,1-3,330
住之江,2026/2/8,8,5,4,4002,古結宏,finish,18,92,6.90,4,0.13,1.53.8,1-3-6,2270,1-3-6,1770,1-3,340,1-3,330
住之江,2026/2/8,8,6,2,3721,守田俊介,finish,78,21,7.01,2,0.17,1.56.8,1-3-6,2270,1-3-6,1770,1-3,340,1-3,330
住之江,2026/2/8,9,1,1,4832,権藤俊光,finish,38,26,6.89,1,0.10,1.48.9,1-3-2,820,1-2-3,340,1-3,260,1-3,210
住之江,2026/2/8,9,2,3,4959,井上忠政,finish,20,50,6.80,3,0.09,1.50.3,1-3-2,820,1-2-3,340,1-3,260,1-3,210
住之江,2026/2/8,9,3,2,5267,石本裕武,finish,50,55,6.85,2,0.12,1.51.4,1-3-2,820,1-2-3,340,1-3,260,1-3,210
住之江,2026/2/8,9,4,5,5017,澤田尚也,finish,21,56,6.92,5,0.08,1.52.1,1-3-2,820,1-2-3,340,1-3,260,1-3,210
住之江,2026/2/8,9,5,4,4543,重木輝彦,finish,28,68,6.84,4,0.08,1.53.3,1-3-2,820,1-2-3,340,1-3,260,1-3,210
住之江,2026/2/8,9,6,6,4719,上條暢嵩,finish,36,33,6.98,6,0.15,1.56.3,1-3-2,820,1-2-3,340,1-3,260,1-3,210
住之江,2026/2/8,10,1,5,4290,稲田浩二,finish,77,89,6.86,6,0.16,1.49.1,5-2-3,59030,2-3-5,4070,5-2,14600,2-5,5420
住之江,2026/2/8,10,2,2,4397,西村拓也,finish,31,14,6.88,2,0.19,1.50.0,5-2-3,59030,2-3-5,4070,5-2,14600,2-5,5420
住之江,2026/2/8,10,3,3,4262,馬場貴也,finish,64,58,6.88,3,0.16,1.50.6,5-2-3,59030,2-3-5,4070,5-2,14600,2-5,5420
住之江,2026/2/8,10,4,1,4025,山本隆幸,finish,86,70,6.82,1,0.18,1.51.9,5-2-3,59030,2-3-5,4070,5-2,14600,2-5,5420
住之江,2026/2/8,10,5,6,4044,湯川浩司,finish,25,17,6.90,5,0.18,1.55.1,5-2-3,59030,2-3-5,4070,5-2,14600,2-5,5420
住之江,2026/2/8,10,6,4,4168,石野貴之,finish,51,84,6.85,4,0.12,1.59.1,5-2-3,59030,2-3-5,4070,5-2,14600,2-5,5420
住之江,2026/2/8,11,1,2,3415,松井繁,finish,89,19,7.05,2,0.10,1.48.7,2-1-3,5420,1-2-3,310,2-1,1730,1-2,340
住之江,2026/2/8,11,2,1,4013,中島孝平,finish,63,18,7.13,1,0.12,1.49.3,2-1-3,5420,1-2-3,310,2-1,1730,1-2,340
住之江,2026/2/8,11,3,3,3854,吉川元浩,finish,14,30,6.97,3,0.14,1.50.6,2-1-3,5420,1-2-3,310,2-1,1730,1-2,340
住之江,2026/2/8,11,4,4,4760,山崎郡,finish,37,75,7.00,4,0.13,1.52.6,2-1-3,5420,1-2-3,310,2-1,1730,1-2,340
住之江,2026/2/8,11,5,6,4384,鶴本崇文,finish,33,36,7.21,6,0.13,1.54.9,2-1-3,5420,1-2-3,310,2-1,1730,1-2,340
住之江,2026/2/8,11,6,5,3556,田中信一郎,finish,69,20,7.15,5,0.12,1.56.6,2-1-3,5420,1-2-3,310,2-1,1730,1-2,340
住之江,2026/2/8,12,1,1,4061,萩原秀人,finish,39,62,6.90,1,0.08,1.48.3,1-5-4,4040,1-4-5,1020,1-5,670,1-5,790
住之江,2026/2/8,12,2,5,4686,丸野一樹,finish,16,39,6.92,5,0.17,1.49.4,1-5-4,4040,1-4-5,1020,1-5,670,1-5,790
住之江,2026/2/8,12,3,4,5088,高憧四季,finish,87,77,6.87,4,0.12,1.51.0,1-5-4,4040,1-4-5,1020,1-5,670,1-5,790
住之江,2026/2/8,12,4,3,4137,君島秀三,finish,72,86,6.95,3,0.11,1.52.7,1-5-4,4040,1-4-5,1020,1-5,670,1-5,790
住之江,2026/2/8,12,5,2,4278,藤岡俊介,finish,90,35,6.97,2,0.10,1.53.0,1-5-4,4040,1-4-5,1020,1-5,670,1-5,790
住之江,2026/2/8,12,6,6,4391,松田祐季,finish,81,79,6.93,6,0.24,1.53.7,1-5-4,4040,1-4-5,1020,1-5,670,1-5,790
びわこ,2026/2/8,1,1,1,3105,内山文典,finish,20,47,6.80,1,0.18,1.49.2,1-4-5,1220,1-4-5,370,1-4,460,1-4,370
びわこ,2026/2/8,1,2,4,3161,古場輝義,finish,19,16,6.62,4,0.22,1.49.9,1-4-5,1220,1-4-5,370,1-4,460,1-4,370
びわこ,2026/2/8,1,3,5,5110,杉山喜一,finish,70,63,6.79,5,0.19,1.52.3,1-4-5,1220,1-4-5,370,1-4,460,1-4,370
びわこ,2026/2/8,1,4,3,4336,松田竜馬,finish,51,46,6.83,3,0.22,1.53.1,1-4-5,1220,1-4-5,370,1-4,460,1-4,370
びわこ,2026/2/8,1,5,6,5346,中村紋夕梨,finish,30,69,6.73,6,0.28,. .,1-4-5,1220,1-4-5,370,1-4,460,1-4,370
びわこ,2026/2/8,1,6,2,5283,植木美帆,finish,61,22,6.70,2,0.28,. .,1-4-5,1220,1-4-5,370,1-4,460,1-4,370
びわこ,2026/2/8,2,1,1,5074,大澤誠也,finish,71,24,6.75,1,0.11,1.48.9,1-5-2,2020,1-2-5,610,1-5,480,1-5,500
びわこ,2026/2/8,2,2,5,4436,渋谷明憲,finish,21,30,6.77,5,0.16,1.50.3,1-5-2,2020,1-2-5,610,1-5,480,1-5,500
びわこ,2026/2/8,2,3,2,4720,西澤日花里,finish,27,45,6.74,2,0.15,1.50.7,1-5-2,2020,1-2-5,610,1-5,480,1-5,500
びわこ,2026/2/8,2,4,3,3439,大平誉史明,finish,16,68,6.88,3,0.15,1.50.9,1-5-2,2020,1-2-5,610,1-5,480,1-5,500
びわこ,2026/2/8,2,5,6,4879,山崎鉄平,finish,55,35,6.71,6,0.15,. .,1-5-2,2020,1-2-5,610,1-5,480,1-5,500
びわこ,2026/2/8,2,6,4,4681,太田潮,finish,72,20,6.87,4,0.19,. .,1-5-2,2020,1-2-5,610,1-5,480,1-5,500
びわこ,2026/2/8,3,1,2,4382,高山智至,finish,69,62,6.81,2,0.23,1.50.4,2-5-6,244360,2-5-6,33190,2-5,8260,2-5,10620
びわこ,2026/2/8,3,2,5,4240,今井裕梨,finish,33,11,6.75,5,0.16,1.51.2,2-5-6,244360,2-5-6,33190,2-5,8260,2-5,10620
びわこ,2026/2/8,3,3,6,5410,今泉澪,finish,64,59,6.76,6,0.14,1.52.4,2-5-6,244360,2-5-6,33190,2-5,8260,2-5,10620
びわこ,2026/2/8,3,4,1,4966,田川大貴,finish,49,37,6.74,1,0.22,1.52.6,2-5-6,244360,2-5-6,33190,2-5,8260,2-5,10620
びわこ,2026/2/8,3,5,3,3773,津留浩一郎,finish,23,70,6.65,3,0.26,. .,2-5-6,244360,2-5-6,33190,2-5,8260,2-5,10620
びわこ,2026/2/8,3,6,4,4261,岡祐臣,finish,28,72,6.74,4,0.19,. .,2-5-6,244360,2-5-6,33190,2-5,8260,2-5,10620
びわこ,2026/2/8,4,1,1,3965,北中元樹,finish,58,25,6.77,1,0.03,1.48.8,1-2-6,1540,1-2-6,830,1-2,390,1-2,400
びわこ,2026/2/8,4,2,2,4779,伊倉光,finish,14,54,6.76,2,0.06,1.49.8,1-2-6,1540,1-2-6,830,1-2,390,1-2,400
びわこ,2026/2/8,4,3,6,4718,北川太一,finish,34,29,6.72,6,0.10,1.51.2,1-2-6,1540,1-2-6,830,1-2,390,1-2,400
びわこ,2026/2/8,4,4,3,4607,鶴田勇雄,finish,60,56,6.68,3,0.04,1.51.6,1-2-6,1540,1-2-6,830,1-2,390,1-2,400
びわこ,2026/2/8,4,5,4,5195,北村寧々,finish,67,19,6.71,4,0.12,. .,1-2-6,1540,1-2-6,830,1-2,390,1-2,400
びわこ,2026/2/8,4,6,5,4368,山口隆史,finish,36,50,6.78,5,0.15,. .,1-2-6,1540,1-2-6,830,1-2,390,1-2,400
びわこ,2026/2/8,5,1,1,3606,川北浩貴,finish,44,36,6.66,1,0.08,1.12.8,1-2-6,750,1-2-6,370,1-2,280,1-2,230
びわこ,2026/2/8,5,2,2,4513,河野真也,finish,45,44,6.77,2,0.14,1.13.6,1-2-6,750,1-2-6,370,1-2,280,1-2,230
びわこ,2026/2/8,5,3,6,5002,上田健太,finish,65,38,6.79,6,0.07,1.13.7,1-2-6,750,1-2-6,370,1-2,280,1-2,230
びわこ,2026/2/8,5,4,3,5301,岩下巧斗,finish,11,58,6.76,3,0.09,1.15.5,1-2-6,750,1-2-6,370,1-2,280,1-2,230
びわこ,2026/2/8,5,5,5,5272,松田真実,finish,35,12,6.78,5,0.12,. .,1-2-6,750,1-2-6,370,1-2,280,1-2,230
びわこ,2026/2/8,5,6,4,5283,植木美帆,finish,61,22,6.87,4,0.17,. .,1-2-6,750,1-2-6,370,1-2,280,1-2,230
びわこ,2026/2/8,6,1,1,5226,藤田俊祐,finish,26,55,6.69,1,0.15,1.12.2,1-5-4,1480,1-4-5,470,1-5,540,1-5,500
びわこ,2026/2/8,6,2,5,4560,庄司樹良々,finish,68,14,6.89,5,0.02,1.12.9,1-5-4,1480,1-4-5,470,1-5,540,1-5,500
びわこ,2026/2/8,6,3,4,4112,大久保信一郎,finish,22,48,6.80,4,0.18,1.14.6,1-5-4,1480,1-4-5,470,1-5,540,1-5,500
びわこ,2026/2/8,6,4,3,3372,加藤雅之,finish,13,65,6.75,3,0.17,1.15.1,1-5-4,1480,1-4-5,470,1-5,540,1-5,500
びわこ,2026/2/8,6,5,6,4630,岩永雅人,finish,38,41,6.74,6,0.19,. .,1-5-4,1480,1-4-5,470,1-5,540,1-5,500
びわこ,2026/2/8,6,6,2,5261,岡暢祐,finish,63,13,6.81,2,0.23,. .,1-5-4,1480,1-4-5,470,1-5,540,1-5,500
びわこ,2026/2/8,7,1,5,4382,高山智至,finish,69,62,6.84,5,0.22,1.13.0,5-3-6,20050,3-5-6,1500,5-3,14290,3-5,5570
びわこ,2026/2/8,7,2,3,5093,浦野海,finish,12,32,6.72,3,0.22,1.13.9,5-3-6,20050,3-5-6,1500,5-3,14290,3-5,5570
びわこ,2026/2/8,7,3,6,4308,河村了,finish,52,71,6.67,6,0.20,1.14.1,5-3-6,20050,3-5-6,1500,5-3,14290,3-5,5570
びわこ,2026/2/8,7,4,2,4081,樋口範政,finish,73,17,6.78,2,0.28,1.15.3,5-3-6,20050,3-5-6,1500,5-3,14290,3-5,5570
びわこ,2026/2/8,7,5,1,3584,佐々木英樹,finish,18,51,6.82,1,0.25,. .,5-3-6,20050,3-5-6,1500,5-3,14290,3-5,5570
びわこ,2026/2/8,7,6,4,4336,松田竜馬,finish,51,46,6.75,4,0.22,. .,5-3-6,20050,3-5-6,1500,5-3,14290,3-5,5570
びわこ,2026/2/8,8,1,3,5110,杉山喜一,finish,70,63,6.88,3,0.19,1.12.4,3-4-5,8150,3-4-5,1270,3-4,2430,3-4,1750
びわこ,2026/2/8,8,2,4,4624,高田明,finish,41,66,6.66,4,0.22,1.13.1,3-4-5,8150,3-4-5,1270,3-4,2430,3-4,1750
びわこ,2026/2/8,8,3,5,4779,伊倉光,finish,14,54,6.68,5,0.17,1.13.6,3-4-5,8150,3-4-5,1270,3-4,2430,3-4,1750
びわこ,2026/2/8,8,4,1,4261,岡祐臣,finish,28,49,6.73,1,0.27,1.14.5,3-4-5,8150,3-4-5,1270,3-4,2430,3-4,1750
びわこ,2026/2/8,8,5,2,4681,太田潮,finish,72,20,6.94,2,0.31,. .,3-4-5,8150,3-4-5,1270,3-4,2430,3-4,1750
びわこ,2026/2/8,8,6,6,4789,古賀智之,finish,29,53,6.76,6,0.19,. .,3-4-5,8150,3-4-5,1270,3-4,2430,3-4,1750
びわこ,2026/2/8,9,1,1,5195,北村寧々,finish,67,19,6.82,1,0.34,1.12.4,1-2-4,690,1-2-4,420,1-2,410,1-2,250
びわこ,2026/2/8,9,2,2,5272,松田真実,finish,35,12,6.70,2,0.28,1.13.4,1-2-4,690,1-2-4,420,1-2,410,1-2,250
びわこ,2026/2/8,9,3,4,4720,西澤日花里,finish,27,45,6.78,4,0.29,1.13.6,1-2-4,690,1-2-4,420,1-2,410,1-2,250
びわこ,2026/2/8,9,4,3,4893,渡邉真奈美,finish,57,61,6.72,3,0.27,1.15.2,1-2-4,690,1-2-4,420,1-2,410,1-2,250
びわこ,2026/2/8,9,5,5,5346,中村紋夕梨,finish,30,69,6.66,5,0.29,. .,1-2-4,690,1-2-4,420,1-2,410,1-2,250
びわこ,2026/2/8,9,6,6,5410,今泉澪,finish,64,59,6.72,6,0.32,. .,1-2-4,690,1-2-4,420,1-2,410,1-2,250
びわこ,2026/2/8,10,1,5,4966,田川大貴,finish,49,37,6.74,5,0.15,1.11.8,5-1-4,35350,1-4-5,1710,5-1,9040,1-5,1000
びわこ,2026/2/8,10,2,1,5002,上田健太,finish,65,38,6.68,1,0.07,1.13.1,5-1-4,35350,1-4-5,1710,5-1,9040,1-5,1000
びわこ,2026/2/8,10,3,4,3439,大平誉史明,finish,16,68,6.80,4,0.22,1.14.2,5-1-4,35350,1-4-5,1710,5-1,9040,1-5,1000
びわこ,2026/2/8,10,4,6,3965,北中元樹,finish,58,25,6.71,6,0.13,1.14.6,5-1-4,35350,1-4-5,1710,5-1,9040,1-5,1000
びわこ,2026/2/8,10,5,2,4560,庄司樹良々,finish,68,14,6.72,2,0.12,. .,5-1-4,35350,1-4-5,1710,5-1,9040,1-5,1000
びわこ,2026/2/8,10,6,3,3161,古場輝義,finish,19,16,6.75,3,0.22,. .,5-1-4,35350,1-4-5,1710,5-1,9040,1-5,1000
びわこ,2026/2/8,11,1,1,4718,北川太一,finish,34,29,6.66,1,0.14,1.11.1,1-2-5,2850,1-2-5,1520,1-2,270,1-2,170
びわこ,2026/2/8,11,2,2,4240,今井裕梨,finish,33,11,6.78,2,0.15,1.12.8,1-2-5,2850,1-2-5,1520,1-2,270,1-2,170
びわこ,2026/2/8,11,3,5,3584,佐々木英樹,finish,18,51,6.87,5,0.10,1.13.7,1-2-5,2850,1-2-5,1520,1-2,270,1-2,170
びわこ,2026/2/8,11,4,3,4112,大久保信一郎,finish,22,48,6.76,3,0.16,1.15.0,1-2-5,2850,1-2-5,1520,1-2,270,1-2,170
びわこ,2026/2/8,11,5,4,5301,岩下巧斗,finish,11,58,6.81,4,0.18,. .,1-2-5,2850,1-2-5,1520,1-2,270,1-2,170
びわこ,2026/2/8,11,6,6,5074,大澤誠也,finish,71,24,6.92,6,0.13,. .,1-2-5,2850,1-2-5,1520,1-2,270,1-2,170
びわこ,2026/2/8,12,1,1,4308,河村了,finish,52,71,6.77,1,0.14,1.11.6,1-3-5,1130,1-3-5,540,1-3,250,1-3,260
びわこ,2026/2/8,12,2,3,4624,高田明,finish,41,66,6.65,3,0.19,1.12.3,1-3-5,1130,1-3-5,540,1-3,250,1-3,260
びわこ,2026/2/8,12,3,5,3606,川北浩貴,finish,44,36,6.69,5,0.13,1.13.5,1-3-5,1130,1-3-5,540,1-3,250,1-3,260
びわこ,2026/2/8,12,4,2,4436,渋谷明憲,finish,21,30,6.75,2,0.16,1.14.1,1-3-5,1130,1-3-5,540,1-3,250,1-3,260
びわこ,2026/2/8,12,5,6,3105,内山文典,finish,20,47,6.79,6,0.18,. .,1-3-5,1130,1-3-5,540,1-3,250,1-3,260
びわこ,2026/2/8,12,6,4,4607,鶴田勇雄,finish,60,56,6.79,4,0.50,. .,1-3-5,1130,1-3-5,540,1-3,250,1-3,260
常滑,2026/2/8,1,1,1,4604,岩瀬裕亮,finish,36,53,6.90,1,0.05,1.48.2,1-3-2,660,1-2-3,210,1-3,330,1-3,270
常滑,2026/2/8,1,2,3,4483,北野輝季,finish,54,54,6.84,3,0.08,1.50.0,1-3-2,660,1-2-3,210,1-3,330,1-3,270
常滑,2026/2/8,1,3,2,4494,河合佑樹,finish,15,57,6.83,2,0.06,1.51.5,1-3-2,660,1-2-3,210,1-3,330,1-3,270
常滑,2026/2/8,1,4,4,4084,杉山正樹,finish,37,59,6.93,4,0.08,1.52.6,1-3-2,660,1-2-3,210,1-3,330,1-3,270
常滑,2026/2/8,1,5,6,4933,板橋侑我,finish,42,51,6.92,6,0.15,. .,1-3-2,660,1-2-3,210,1-3,330,1-3,270
常滑,2026/2/8,1,6,5,4033,伊藤将吉,finish,10,25,6.84,5,0.14,. .,1-3-2,660,1-2-3,210,1-3,330,1-3,270
常滑,2026/2/8,2,1,1,4983,前田篤哉,finish,58,30,6.73,1,0.14,1.50.2,1-2-3,800,1-2-3,280,1-2,490,1-2,370
常滑,2026/2/8,2,2,2,4074,柳沢一,finish,22,16,6.83,2,0.11,1.50.8,1-2-3,800,1-2-3,280,1-2,490,1-2,370
常滑,2026/2/8,2,3,3,3959,坪井康晴,finish,16,66,6.73,3,0.12,1.51.6,1-2-3,800,1-2-3,280,1-2,490,1-2,370
常滑,2026/2/8,2,4,6,3744,徳増秀樹,finish,41,50,6.77,4,0.14,1.53.0,1-2-3,800,1-2-3,280,1-2,490,1-2,370
常滑,2026/2/8,2,5,5,4808,松尾拓,finish,17,15,6.81,6,0.28,. .,1-2-3,800,1-2-3,280,1-2,490,1-2,370
常滑,2026/2/8,2,6,4,4342,谷野錬志,finish,2,62,6.88,5,0.21,. .,1-2-3,800,1-2-3,280,1-2,490,1-2,370
常滑,2026/2/8,3,1,1,4579,中嶋健一郎,finish,49,70,6.77,1,0.18,1.49.6,1-4-6,6060,1-4-6,5040,1-4,750,1-4,930
常滑,2026/2/8,3,2,4,4910,中村泰平,finish,13,22,6.75,4,0.19,1.51.7,1-4-6,6060,1-4-6,5040,1-4,750,1-4,930
常滑,2026/2/8,3,3,6,4570,前田聖文,finish,51,55,6.76,6,0.25,1.52.2,1-4-6,6060,1-4-6,5040,1-4,750,1-4,930
常滑,2026/2/8,3,4,3,3999,大瀧明日香,finish,26,32,6.76,3,0.17,1.53.2,1-4-6,6060,1-4-6,5040,1-4,750,1-4,930
常滑,2026/2/8,3,5,2,4337,平本真之,finish,47,60,6.77,2,0.19,. .,1-4-6,6060,1-4-6,5040,1-4,750,1-4,930
常滑,2026/2/8,3,6,5,4024,井口佳典,finish,33,37,6.76,5,0.14,. .,1-4-6,6060,1-4-6,5040,1-4,750,1-4,930
常滑,2026/2/8,4,1,1,4269,杉山裕也,finish,39,47,6.63,1,0.13,1.50.5,1-3-6,1570,1-3-6,850,1-3,350,1-3,380
常滑,2026/2/8,4,2,3,4019,笠原亮,finish,25,46,6.78,3,0.11,1.51.5,1-3-6,1570,1-3-6,850,1-3,350,1-3,380
常滑,2026/2/8,4,3,6,3422,服部幸男,finish,3,29,6.80,6,0.13,1.51.9,1-3-6,1570,1-3-6,850,1-3,350,1-3,380
常滑,2026/2/8,4,4,4,4856,豊田健士郎,finish,38,14,6.74,4,0.09,1.53.4,1-3-6,1570,1-3-6,850,1-3,350,1-3,380
常滑,2026/2/8,4,5,5,4754,松尾充,finish,52,49,6.83,5,0.10,. .,1-3-6,1570,1-3-6,850,1-3,350,1-3,380
常滑,2026/2/8,4,6,2,4208,三浦永理,finish,35,39,6.73,2,0.10,. .,1-3-6,1570,1-3-6,850,1-3,350,1-3,380
常滑,2026/2/8,5,1,3,5034,若林義人,finish,6,75,6.65,3,0.04,1.50.2,3-2-1,16290,1-2-3,710,3-2,4650,2-3,2630
常滑,2026/2/8,5,2,2,3909,佐々木康幸,finish,18,56,6.79,2,0.03,1.52.3,3-2-1,16290,1-2-3,710,3-2,4650,2-3,2630
常滑,2026/2/8,5,3,1,4850,野中一平,finish,48,20,6.69,1,0.08,1.53.3,3-2-1,16290,1-2-3,710,3-2,4650,2-3,2630
常滑,2026/2/8,5,4,4,4494,河合佑樹,finish,15,57,6.69,4,0.16,1.53.6,3-2-1,16290,1-2-3,710,3-2,4650,2-3,2630
常滑,2026/2/8,5,5,6,4586,磯部誠,finish,4,71,6.69,6,0.15,. .,3-2-1,16290,1-2-3,710,3-2,4650,2-3,2630
常滑,2026/2/8,5,6,5,4183,宇野弥生,finish,5,64,6.69,5,0.05,. .,3-2-1,16290,1-2-3,710,3-2,4650,2-3,2630
常滑,2026/2/8,6,1,1,4804,高田ひかる,finish,12,44,6.60,1,0.24,1.12.8,1-3-5,2060,1-3-5,930,1-3,400,1-3,200
常滑,2026/2/8,6,2,3,4914,吉田裕平,finish,14,35,6.66,3,0.16,1.14.4,1-3-5,2060,1-3-5,930,1-3,400,1-3,200
常滑,2026/2/8,6,3,5,3554,仲口博崇,finish,11,74,6.74,5,0.22,1.14.8,1-3-5,2060,1-3-5,930,1-3,400,1-3,200
常滑,2026/2/8,6,4,4,4483,北野輝季,finish,54,54,6.74,4,0.24,1.15.3,1-3-5,2060,1-3-5,930,1-3,400,1-3,200
常滑,2026/2/8,6,5,2,3956,横澤剛治,finish,45,21,6.74,2,0.19,. .,1-3-5,2060,1-3-5,930,1-3,400,1-3,200
常滑,2026/2/8,6,6,6,5089,前田翔,finish,1,63,6.66,6,0.23,. .,1-3-5,2060,1-3-5,930,1-3,400,1-3,200
常滑,2026/2/8,7,1,3,3946,赤岩善生,finish,32,27,6.74,3,0.14,1.14.9,3-4-5,23910,3-4-5,3700,3-4,5520,3-4,1950
常滑,2026/2/8,7,2,4,4570,前田聖文,finish,51,55,6.80,4,0.11,1.16.0,3-4-5,23910,3-4-5,3700,3-4,5520,3-4,1950
常滑,2026/2/8,7,3,5,3813,佐藤大介,finish,19,65,6.75,5,0.09,1.16.2,3-4-5,23910,3-4-5,3700,3-4,5520,3-4,1950
常滑,2026/2/8,7,4,6,4524,深谷知博,finish,28,43,6.73,6,0.07,1.16.8,3-4-5,23910,3-4-5,3700,3-4,5520,3-4,1950
常滑,2026/2/8,7,5,1,4124,池田雄一,finish,31,33,6.72,1,0.54,. .,3-4-5,23910,3-4-5,3700,3-4,5520,3-4,1950
常滑,2026/2/8,7,6,2,3744,徳増秀樹,finish,41,50,6.71,2,0.20,. .,3-4-5,23910,3-4-5,3700,3-4,5520,3-4,1950
常滑,2026/2/8,8,1,1,4084,杉山正樹,finish,37,59,6.73,1,0.03,1.13.6,1-2-6,2460,1-2-6,1330,1-2,460,1-2,310
常滑,2026/2/8,8,2,2,4067,永井源,finish,56,67,6.75,2,0.13,1.14.6,1-2-6,2460,1-2-6,1330,1-2,460,1-2,310
常滑,2026/2/8,8,3,6,4024,井口佳典,finish,33,37,6.72,6,0.13,1.15.4,1-2-6,2460,1-2-6,1330,1-2,460,1-2,310
常滑,2026/2/8,8,4,3,4118,宇佐見淳,finish,7,45,6.70,3,0.10,1.16.1,1-2-6,2460,1-2-6,1330,1-2,460,1-2,310
常滑,2026/2/8,8,5,5,4269,杉山裕也,finish,39,47,6.63,5,0.10,. .,1-2-6,2460,1-2-6,1330,1-2,460,1-2,310
常滑,2026/2/8,8,6,4,4074,柳沢一,finish,22,16,6.71,4,0.09,. .,1-2-6,2460,1-2-6,1330,1-2,460,1-2,310
常滑,2026/2/8,9,1,2,5196,鰐部太空海,finish,29,41,6.64,2,0.06,1.12.5,2-1-3,2730,1-2-3,320,2-1,1140,1-2,430
常滑,2026/2/8,9,2,1,4019,笠原亮,finish,25,46,6.73,1,0.08,1.13.8,2-1-3,2730,1-2-3,320,2-1,1140,1-2,430
常滑,2026/2/8,9,3,3,3941,池田浩二,finish,60,23,6.77,3,0.06,1.14.5,2-1-3,2730,1-2-3,320,2-1,1140,1-2,430
常滑,2026/2/8,9,4,4,3959,坪井康晴,finish,16,66,6.69,4,0.06,1.14.6,2-1-3,2730,1-2-3,320,2-1,1140,1-2,430
常滑,2026/2/8,9,5,5,4824,松井洪弥,finish,34,31,6.78,5,0.12,. .,2-1-3,2730,1-2-3,320,2-1,1140,1-2,430
常滑,2026/2/8,9,6,6,4910,中村泰平,finish,13,22,6.72,6,0.16,. .,2-1-3,2730,1-2-3,320,2-1,1140,1-2,430
常滑,2026/2/8,10,1,4,5068,前田滉,finish,8,18,6.71,4,0.13,1.13.2,4-5-6,9630,4-5-6,3970,4-5,4050,4-5,2990
常滑,2026/2/8,10,2,5,4579,中嶋健一郎,finish,49,70,6.74,5,0.13,1.14.3,4-5-6,9630,4-5-6,3970,4-5,4050,4-5,2990
常滑,2026/2/8,10,3,6,5034,若林義人,finish,6,75,6.67,6,0.11,1.14.9,4-5-6,9630,4-5-6,3970,4-5,4050,4-5,2990
常滑,2026/2/8,10,4,2,4933,板橋侑我,finish,42,51,6.71,2,0.16,1.16.2,4-5-6,9630,4-5-6,3970,4-5,4050,4-5,2990
常滑,2026/2/8,10,5,3,3422,服部幸男,finish,3,29,6.76,3,0.14,. .,4-5-6,9630,4-5-6,3970,4-5,4050,4-5,2990
常滑,2026/2/8,10,6,1,3960,菊地孝平,finish,40,69,6.76,1,0.16,. .,4-5-6,9630,4-5-6,3970,4-5,4050,4-5,2990
常滑,2026/2/8,11,1,1,4344,新田雄史,finish,53,34,6.77,1,0.07,1.12.1,1-3-2,2150,1-2-3,560,1-3,850,1-3,560
常滑,2026/2/8,11,2,3,5256,中山翔太,finish,20,72,6.82,3,0.10,1.13.1,1-3-2,2150,1-2-3,560,1-3,850,1-3,560
常滑,2026/2/8,11,3,2,5089,前田翔,finish,1,63,6.69,2,0.13,1.14.4,1-3-2,2150,1-2-3,560,1-3,850,1-3,560
常滑,2026/2/8,11,4,5,3946,赤岩善生,finish,32,27,6.83,4,0.17,1.15.5,1-3-2,2150,1-2-3,560,1-3,850,1-3,560
常滑,2026/2/8,11,5,4,4903,吉田凌太朗,finish,30,38,6.77,5,0.18,. .,1-3-2,2150,1-2-3,560,1-3,850,1-3,560
常滑,2026/2/8,11,6,6,3909,佐々木康幸,finish,18,56,6.86,6,0.18,. .,1-3-2,2150,1-2-3,560,1-3,850,1-3,560
常滑,2026/2/8,12,1,1,4337,平本真之,finish,47,60,6.79,1,0.05,1.12.3,1-2-4,1340,1-2-4,650,1-2,480,1-2,460
常滑,2026/2/8,12,2,2,4786,佐藤博亮,finish,23,17,6.77,2,0.07,1.12.5,1-2-4,1340,1-2-4,650,1-2,480,1-2,460
常滑,2026/2/8,12,3,4,4586,磯部誠,finish,4,71,6.85,4,0.07,1.13.8,1-2-4,1340,1-2-4,650,1-2,480,1-2,460
常滑,2026/2/8,12,4,3,3995,重野哲之,finish,21,36,6.80,3,0.03,1.14.7,1-2-4,1340,1-2-4,650,1-2,480,1-2,460
常滑,2026/2/8,12,5,6,4470,平田健之佑,finish,9,28,6.82,6,0.07,. .,1-2-4,1340,1-2-4,650,1-2,480,1-2,460
常滑,2026/2/8,12,6,5,4960,黒野元基,finish,24,48,6.78,5,0.06,. .,1-2-4,1340,1-2-4,650,1-2,480,1-2,460
多摩川,2026/2/8,1,1,1,4546,浜田亜理沙,finish,55,83,6.66,1,0.06,1.11.6,1-4-3,2500,1-3-4,670,1-4,810,1-4,730
多摩川,2026/2/8,1,2,4,5132,中野希一,finish,31,68,6.75,4,0.01,1.13.3,1-4-3,2500,1-3-4,670,1-4,810,1-4,730
多摩川,2026/2/8,1,3,3,4335,若林将,finish,69,66,6.77,3,0.07,1.13.8,1-4-3,2500,1-3-4,670,1-4,810,1-4,730
多摩川,2026/2/8,1,4,5,4645,上村純一,finish,43,36,6.74,5,0.02,1.14.3,1-4-3,2500,1-3-4,670,1-4,810,1-4,730
多摩川,2026/2/8,1,5,2,3940,飯山泰,finish,59,63,6.68,2,0.07,. .,1-4-3,2500,1-3-4,670,1-4,810,1-4,730
多摩川,2026/2/8,1,6,6,4532,秋元哲,finish,26,45,6.80,6,0.08,. .,1-4-3,2500,1-3-4,670,1-4,810,1-4,730
多摩川,2026/2/8,2,1,1,4759,今泉友吾,finish,38,57,6.75,1,0.18,1.12.0,1-2-3,770,1-2-3,300,1-2,340,1-2,340
多摩川,2026/2/8,2,2,2,4095,福来剛,finish,46,67,6.75,2,0.16,1.12.7,1-2-3,770,1-2-3,300,1-2,340,1-2,340
多摩川,2026/2/8,2,3,3,4488,小山勉,finish,70,38,6.73,3,0.18,1.13.7,1-2-3,770,1-2-3,300,1-2,340,1-2,340
多摩川,2026/2/8,2,4,4,3590,濱野谷憲吾,finish,48,64,6.79,4,0.23,1.14.4,1-2-3,770,1-2-3,300,1-2,340,1-2,340
多摩川,2026/2/8,2,5,5,3679,飯島昌弘,finish,30,59,6.75,5,0.23,. .,1-2-3,770,1-2-3,300,1-2,340,1-2,340
多摩川,2026/2/8,2,6,6,4928,栗城匠,finish,56,29,6.79,6,0.22,. .,1-2-3,770,1-2-3,300,1-2,340,1-2,340
多摩川,2026/2/8,3,1,1,4953,尾上雅也,finish,67,46,6.66,1,0.14,1.11.2,1-3-6,520,1-3-6,290,1-3,260,1-3,160
多摩川,2026/2/8,3,2,3,4851,関浩哉,finish,72,54,6.76,3,0.17,1.11.9,1-3-6,520,1-3-6,290,1-3,260,1-3,160
多摩川,2026/2/8,3,3,6,4444,桐生順平,finish,32,40,6.71,6,0.15,1.13.5,1-3-6,520,1-3-6,290,1-3,260,1-3,160
多摩川,2026/2/8,3,4,4,4090,中村尊,finish,64,34,6.77,4,0.22,1.13.6,1-3-6,520,1-3-6,290,1-3,260,1-3,160
多摩川,2026/2/8,3,5,2,3256,三角哲男,finish,23,42,6.79,2,0.14,. .,1-3-6,520,1-3-6,290,1-3,260,1-3,160
多摩川,2026/2/8,3,6,5,4575,戸塚邦好,finish,71,27,6.75,5,0.21,. .,1-3-6,520,1-3-6,290,1-3,260,1-3,160
多摩川,2026/2/8,4,1,4,4939,宮之原輝紀,finish,52,70,6.67,4,0.08,1.11.0,4-1-6,1850,1-4-6,560,4-1,740,1-4,340
多摩川,2026/2/8,4,2,1,4075,中野次郎,finish,11,43,6.65,1,0.15,1.12.0,4-1-6,1850,1-4-6,560,4-1,740,1-4,340
多摩川,2026/2/8,4,3,6,4188,久田敏之,finish,18,79,6.77,6,0.11,1.13.4,4-1-6,1850,1-4-6,560,4-1,740,1-4,340
多摩川,2026/2/8,4,4,2,4036,金田諭,finish,50,26,6.68,2,0.17,1.14.5,4-1-6,1850,1-4-6,560,4-1,740,1-4,340
多摩川,2026/2/8,4,5,3,4083,福島勇樹,finish,41,81,6.72,3,0.08,. .,4-1-6,1850,1-4-6,560,4-1,740,1-4,340
多摩川,2026/2/8,4,6,5,4738,清埜翔子,finish,66,37,6.72,5,0.09,. .,4-1-6,1850,1-4-6,560,4-1,740,1-4,340
多摩川,2026/2/8,5,1,4,3952,中澤和志,finish,44,74,6.73,4,0.14,1.48.0,4-5-6,19410,4-5-6,4350,4-5,4350,4-5,4970
多摩川,2026/2/8,5,2,5,4379,桑島和宏,finish,24,28,6.74,5,0.19,1.48.5,4-5-6,19410,4-5-6,4350,4-5,4350,4-5,4970
多摩川,2026/2/8,5,3,6,5051,松本純平,finish,27,53,6.68,6,0.14,1.50.2,4-5-6,19410,4-5-6,4350,4-5,4350,4-5,4970
多摩川,2026/2/8,5,4,3,4688,永井彪也,finish,22,51,6.69,3,0.22,1.51.2,4-5-6,19410,4-5-6,4350,4-5,4350,4-5,4970
多摩川,2026/2/8,5,5,1,3716,石渡鉄兵,finish,36,62,6.71,1,0.18,. .,4-5-6,19410,4-5-6,4350,4-5,4350,4-5,4970
多摩川,2026/2/8,5,6,2,4528,黒井達矢,finish,61,58,6.69,2,0.19,. .,4-5-6,19410,4-5-6,4350,4-5,4350,4-5,4970
多摩川,2026/2/8,6,1,1,4266,長田頼宗,finish,51,52,6.68,1,0.11,1.46.8,1-2-6,2040,1-2-6,1430,1-2,300,1-2,300
多摩川,2026/2/8,6,2,2,3679,飯島昌弘,finish,30,59,6.68,2,0.16,1.50.1,1-2-6,2040,1-2-6,1430,1-2,300,1-2,300
多摩川,2026/2/8,6,3,6,5132,中野希一,finish,31,68,6.77,6,0.17,1.51.9,1-2-6,2040,1-2-6,1430,1-2,300,1-2,300
多摩川,2026/2/8,6,4,3,4825,倉持莉々,finish,63,31,6.64,3,0.14,1.52.3,1-2-6,2040,1-2-6,1430,1-2,300,1-2,300
多摩川,2026/2/8,6,5,4,3740,大澤普司,finish,68,50,6.70,4,0.11,. .,1-2-6,2040,1-2-6,1430,1-2,300,1-2,300
多摩川,2026/2/8,6,6,5,5042,畑田汰一,finish,25,75,6.73,5,0.12,. .,1-2-6,2040,1-2-6,1430,1-2,300,1-2,300
多摩川,2026/2/8,7,1,3,4573,佐藤翼,finish,35,84,6.66,3,0.13,1.46.7,3-6-5,13530,3-5-6,2860,3-6,1610,3-6,880
多摩川,2026/2/8,7,2,6,4851,関浩哉,finish,72,54,6.75,6,0.09,1.48.0,3-6-5,13530,3-5-6,2860,3-6,1610,3-6,880
多摩川,2026/2/8,7,3,5,3966,作間章,finish,14,76,6.80,5,0.18,1.50.6,3-6-5,13530,3-5-6,2860,3-6,1610,3-6,880
多摩川,2026/2/8,7,4,1,4748,渡邉雄朗,finish,54,21,6.60,1,0.24,1.52.1,3-6-5,13530,3-5-6,2860,3-6,1610,3-6,880
多摩川,2026/2/8,7,5,4,4109,谷津幸宏,finish,73,48,6.70,4,0.09,. .,3-6-5,13530,3-5-6,2860,3-6,1610,3-6,880
多摩川,2026/2/8,7,6,2,4928,栗城匠,finish,56,29,6.66,2,0.27,. .,3-6-5,13530,3-5-6,2860,3-6,1610,3-6,880
多摩川,2026/2/8,8,1,1,5220,青木蓮,finish,29,23,6.67,1,0.15,1.49.1,1-4-2,1480,1-2-4,370,1-4,570,1-4,460
多摩川,2026/2/8,8,2,4,4539,金子賢志,finish,57,47,6.76,4,0.16,1.50.4,1-4-2,1480,1-2-4,370,1-4,570,1-4,460
多摩川,2026/2/8,8,3,2,3590,濱野谷憲吾,finish,48,64,6.71,2,0.16,1.51.2,1-4-2,1480,1-2-4,370,1-4,570,1-4,460
多摩川,2026/2/8,8,4,5,4090,中村尊,finish,64,34,6.73,5,0.18,1.53.5,1-4-2,1480,1-2-4,370,1-4,570,1-4,460
多摩川,2026/2/8,8,5,3,4598,加藤政彦,finish,16,61,6.72,3,0.18,. .,1-4-2,1480,1-2-4,370,1-4,570,1-4,460
多摩川,2026/2/8,8,6,6,4468,大池佑来,finish,37,22,6.72,6,0.18,. .,1-4-2,1480,1-2-4,370,1-4,570,1-4,460
多摩川,2026/2/8,9,1,1,4083,福島勇樹,finish,41,81,6.73,1,0.10,1.53.9,1-6-4,14320,1-4-6,4070,1-6,3780,1-6,2790
多摩川,2026/2/8,9,2,6,4528,黒井達矢,finish,61,58,6.68,6,0.20,1.56.1,1-6-4,14320,1-4-6,4070,1-6,3780,1-6,2790
多摩川,2026/2/8,9,3,4,4759,今泉友吾,finish,38,57,6.73,4,0.21,2.00.7,1-6-4,14320,1-4-6,4070,1-6,3780,1-6,2790
多摩川,2026/2/8,9,4,5,4547,中田竜太,finish,12,60,6.80,5,0.18,2.02.4,1-6-4,14320,1-4-6,4070,1-6,3780,1-6,2790
多摩川,2026/2/8,9,5,3,4645,上村純一,finish,43,36,6.75,3,0.15,. .,1-6-4,14320,1-4-6,4070,1-6,3780,1-6,2790
多摩川,2026/2/8,9,,2,4444,桐生順平,S1,,,,,,,,,,,,,,
多摩川,2026/2/8,10,1,1,4787,椎名豊,finish,42,25,6.68,1,0.14,1.47.7,1-5-2,2310,1-2-5,660,1-5,730,1-5,450
多摩川,2026/2/8,10,2,5,5112,砂長知輝,finish,33,33,6.63,5,0.16,1.48.5,1-5-2,2310,1-2-5,660,1-5,730,1-5,450
多摩川,2026/2/8,10,3,2,5191,飛田江己,finish,49,49,6.65,2,0.16,1.50.0,1-5-2,2310,1-2-5,660,1-5,730,1-5,450
多摩川,2026/2/8,10,4,4,4266,長田頼宗,finish,51,52,6.73,4,0.15,1.51.1,1-5-2,2310,1-2-5,660,1-5,730,1-5,450
多摩川,2026/2/8,10,5,3,4428,有賀達也,finish,53,71,6.68,3,0.13,. .,1-5-2,2310,1-2-5,660,1-5,730,1-5,450
多摩川,2026/2/8,10,6,6,4335,若林将,finish,69,66,6.77,6,0.13,. .,1-5-2,2310,1-2-5,660,1-5,730,1-5,450
多摩川,2026/2/8,11,1,1,5042,畑田汰一,finish,25,75,6.65,1,0.13,1.46.6,1-3-5,1050,1-3-5,640,1-3,330,1-3,250
多摩川,2026/2/8,11,2,3,4188,久田敏之,finish,18,79,6.65,3,0.12,1.48.4,1-3-5,1050,1-3-5,640,1-3,330,1-3,250
多摩川,2026/2/8,11,3,5,4532,秋元哲,finish,26,45,6.74,5,0.15,1.49.7,1-3-5,1050,1-3-5,640,1-3,330,1-3,250
多摩川,2026/2/8,11,4,4,3613,角谷健吾,finish,17,73,6.72,4,0.15,1.51.5,1-3-5,1050,1-3-5,640,1-3,330,1-3,250
多摩川,2026/2/8,11,5,6,4095,福来剛,finish,46,67,6.75,6,0.12,. .,1-3-5,1050,1-3-5,640,1-3,330,1-3,250
多摩川,2026/2/8,11,6,2,3952,中澤和志,finish,44,74,6.69,2,0.12,. .,1-3-5,1050,1-3-5,640,1-3,330,1-3,250
多摩川,2026/2/8,12,1,1,4573,佐藤翼,finish,35,84,6.72,1,0.15,1.45.8,1-3-4,1610,1-3-4,810,1-3,320,1-3,350
多摩川,2026/2/8,12,2,3,4953,尾上雅也,finish,67,46,6.67,3,0.20,1.48.5,1-3-4,1610,1-3-4,810,1-3,320,1-3,350
多摩川,2026/2/8,12,3,4,4688,永井彪也,finish,22,51,6.67,4,0.17,1.49.5,1-3-4,1610,1-3-4,810,1-3,320,1-3,350
多摩川,2026/2/8,12,4,2,4297,山田哲也,finish,19,78,6.77,2,0.17,1.50.7,1-3-4,1610,1-3-4,810,1-3,320,1-3,350
多摩川,2026/2/8,12,5,5,4939,宮之原輝紀,finish,52,70,6.64,5,0.15,. .,1-3-4,1610,1-3-4,810,1-3,320,1-3,350
多摩川,2026/2/8,12,6,6,4825,倉持莉々,finish,63,44,6.63,6,0.15,. .,1-3-4,1610,1-3-4,810,1-3,320,1-3,350
江戸川,2026/2/8,1,1,1,5228,若林樹蘭,finish,71,63,6.55,1,0.25,1.13.7,1-4-2,950,1-2-4,280,1-4,370,1-4,370
江戸川,2026/2/8,1,2,4,4861,田中宏樹,finish,59,54,6.52,4,0.25,1.13.9,1-4-2,950,1-2-4,280,1-4,370,1-4,370
江戸川,2026/2/8,1,3,2,3929,杢野誓良,finish,60,26,6.59,2,0.18,1.15.8,1-4-2,950,1-2-4,280,1-4,370,1-4,370
江戸川,2026/2/8,1,4,3,4097,貫地谷直人,finish,61,61,6.62,3,0.42,1.17.5,1-4-2,950,1-2-4,280,1-4,370,1-4,370
江戸川,2026/2/8,1,5,5,4211,村田敦,finish,11,35,6.75,5,0.19,. .,1-4-2,950,1-2-4,280,1-4,370,1-4,370
江戸川,2026/2/8,1,6,6,3964,宮地博士,finish,10,24,6.66,6,0.24,. .,1-4-2,950,1-2-4,280,1-4,370,1-4,370
江戸川,2026/2/8,2,1,1,5211,高井駿弥,finish,20,36,6.67,1,0.12,1.14.5,1-4-5,20380,1-4-5,7490,1-4,2350,1-4,1110
江戸川,2026/2/8,2,2,4,4000,松本博昭,finish,64,70,6.67,4,0.22,1.16.1,1-4-5,20380,1-4-5,7490,1-4,2350,1-4,1110
江戸川,2026/2/8,2,3,5,3839,川合理司,finish,39,11,6.80,5,0.24,1.16.4,1-4-5,20380,1-4-5,7490,1-4,2350,1-4,1110
江戸川,2026/2/8,2,4,3,3685,荒井輝年,finish,51,22,6.78,3,0.16,1.18.4,1-4-5,20380,1-4-5,7490,1-4,2350,1-4,1110
江戸川,2026/2/8,2,5,6,4954,内山峻輔,finish,46,48,6.67,6,0.21,. .,1-4-5,20380,1-4-5,7490,1-4,2350,1-4,1110
江戸川,2026/2/8,2,6,2,4892,柴田直哉,finish,68,68,6.63,2,0.12,. .,1-4-5,20380,1-4-5,7490,1-4,2350,1-4,1110
江戸川,2026/2/8,3,1,1,3686,鳥居塚孝博,finish,45,39,6.62,1,0.15,1.14.2,1-3-2,1480,1-2-3,350,1-3,590,1-3,450
江戸川,2026/2/8,3,2,3,5212,西川拓利,finish,41,20,6.72,3,0.19,1.14.7,1-3-2,1480,1-2-3,350,1-3,590,1-3,450
江戸川,2026/2/8,3,3,2,4345,西舘健,finish,67,49,6.71,2,0.24,1.14.8,1-3-2,1480,1-2-3,350,1-3,590,1-3,450
江戸川,2026/2/8,3,4,4,3277,齋藤勇,finish,62,33,6.56,4,0.52,1.17.0,1-3-2,1480,1-2-3,350,1-3,590,1-3,450
江戸川,2026/2/8,3,5,6,5405,竹内来,finish,17,25,6.79,6,0.32,. .,1-3-2,1480,1-2-3,350,1-3,590,1-3,450
江戸川,2026/2/8,3,6,5,3503,堂原洋史,finish,36,14,6.77,5,0.31,. .,1-3-2,1480,1-2-3,350,1-3,590,1-3,450
江戸川,2026/2/8,4,1,1,3790,佐口達也,finish,47,27,6.55,1,0.12,1.14.9,1-5-4,3860,1-4-5,1240,1-5,770,1-5,570
江戸川,2026/2/8,4,2,5,5007,近藤雄一郎,finish,50,32,6.70,5,0.23,1.16.4,1-5-4,3860,1-4-5,1240,1-5,770,1-5,570
江戸川,2026/2/8,4,3,4,4181,花本夏樹,finish,21,16,6.60,4,0.24,1.16.4,1-5-4,3860,1-4-5,1240,1-5,770,1-5,570
江戸川,2026/2/8,4,4,3,3436,柏野幸二,finish,53,66,6.72,3,0.11,1.17.2,1-5-4,3860,1-4-5,1240,1-5,770,1-5,570
江戸川,2026/2/8,4,5,2,4651,佐藤大騎,finish,26,28,6.64,2,0.16,. .,1-5-4,3860,1-4-5,1240,1-5,770,1-5,570
江戸川,2026/2/8,4,6,6,5411,木下虎之輔,finish,12,19,6.75,6,0.38,. .,1-5-4,3860,1-4-5,1240,1-5,770,1-5,570
江戸川,2026/2/8,5,1,1,4976,金山立樹,finish,52,30,6.67,1,0.20,1.14.1,1-3-6,6200,1-3-6,1920,1-3,740,1-3,380
江戸川,2026/2/8,5,2,3,4769,馬場剛,finish,54,38,6.60,3,0.22,1.15.2,1-3-6,6200,1-3-6,1920,1-3,740,1-3,380
江戸川,2026/2/8,5,3,6,5232,樅山拓馬,finish,25,57,6.85,6,0.36,1.16.9,1-3-6,6200,1-3-6,1920,1-3,740,1-3,380
江戸川,2026/2/8,5,4,5,4232,笠雅雄,finish,29,15,6.76,5,0.29,1.17.9,1-3-6,6200,1-3-6,1920,1-3,740,1-3,380
江戸川,2026/2/8,5,5,2,4257,古川健,finish,63,10,6.63,2,0.21,. .,1-3-6,6200,1-3-6,1920,1-3,740,1-3,380
江戸川,2026/2/8,5,6,4,4793,金子萌,finish,48,40,6.75,4,0.26,. .,1-3-6,6200,1-3-6,1920,1-3,740,1-3,380
江戸川,2026/2/8,6,1,1,5299,西丸敦基,finish,58,46,6.63,1,0.20,1.14.3,1-4-6,2370,1-4-6,1130,1-4,880,1-4,660
江戸川,2026/2/8,6,2,4,3226,浦田信義,finish,28,47,6.56,4,0.24,1.14.9,1-4-6,2370,1-4-6,1130,1-4,880,1-4,660
江戸川,2026/2/8,6,3,6,3300,川崎智幸,finish,66,56,6.79,6,0.37,1.15.6,1-4-6,2370,1-4-6,1130,1-4,880,1-4,660
江戸川,2026/2/8,6,4,5,4948,木場悠介,finish,18,59,6.70,5,0.27,1.16.7,1-4-6,2370,1-4-6,1130,1-4,880,1-4,660
江戸川,2026/2/8,6,5,3,4403,木下大將,finish,65,69,6.66,3,0.23,. .,1-4-6,2370,1-4-6,1130,1-4,880,1-4,660
江戸川,2026/2/8,6,6,2,4097,貫地谷直人,finish,61,61,6.69,2,0.18,. .,1-4-6,2370,1-4-6,1130,1-4,880,1-4,660
江戸川,2026/2/8,7,1,1,4750,井上尚悟,finish,14,62,6.61,1,0.22,1.52.6,1-3-5,2030,1-3-5,730,1-3,490,1-3,300
江戸川,2026/2/8,7,2,3,4394,永嶋裕一,finish,24,23,6.72,3,0.22,1.53.7,1-3-5,2030,1-3-5,730,1-3,490,1-3,300
江戸川,2026/2/8,7,3,5,3277,齋藤勇,finish,62,33,6.64,5,0.33,1.54.5,1-3-5,2030,1-3-5,730,1-3,490,1-3,300
江戸川,2026/2/8,7,4,6,4064,原田篤志,finish,37,21,6.72,6,0.34,1.55.7,1-3-5,2030,1-3-5,730,1-3,490,1-3,300
江戸川,2026/2/8,7,5,2,3839,川合理司,finish,39,11,6.77,2,0.23,. .,1-3-5,2030,1-3-5,730,1-3,490,1-3,300
江戸川,2026/2/8,7,6,4,4211,村田敦,finish,11,35,6.76,4,0.24,. .,1-3-5,2030,1-3-5,730,1-3,490,1-3,300
江戸川,2026/2/8,8,1,5,3929,杢野誓良,finish,60,26,6.70,5,0.22,1.51.5,5-6-1,20740,1-5-6,2280,5-6,6470,5-6,3900
江戸川,2026/2/8,8,2,6,5135,仲航太,finish,27,29,6.74,6,0.34,1.52.4,5-6-1,20740,1-5-6,2280,5-6,6470,5-6,3900
江戸川,2026/2/8,8,3,1,5212,西川拓利,finish,41,20,6.71,1,0.33,1.53.8,5-6-1,20740,1-5-6,2280,5-6,6470,5-6,3900
江戸川,2026/2/8,8,4,3,4000,松本博昭,finish,64,70,6.61,3,0.28,1.56.1,5-6-1,20740,1-5-6,2280,5-6,6470,5-6,3900
江戸川,2026/2/8,8,5,4,3578,塩田雄一,finish,32,67,6.81,4,0.33,. .,5-6-1,20740,1-5-6,2280,5-6,6470,5-6,3900
江戸川,2026/2/8,8,6,2,4982,中村将隆,finish,23,41,6.67,2,0.27,. .,5-6-1,20740,1-5-6,2280,5-6,6470,5-6,3900
江戸川,2026/2/8,9,1,1,4793,金子萌,finish,48,40,6.58,1,0.21,1.55.8,1-2-3,1050,1-2-3,490,1-2,340,1-2,340
江戸川,2026/2/8,9,2,2,5007,近藤雄一郎,finish,50,32,6.69,2,0.24,1.58.4,1-2-3,1050,1-2-3,490,1-2,340,1-2,340
江戸川,2026/2/8,9,3,3,4228,吉田慎二郎,finish,35,71,6.73,3,0.28,2.00.7,1-2-3,1050,1-2-3,490,1-2,340,1-2,340
江戸川,2026/2/8,9,4,4,3202,三品隆浩,finish,19,13,6.77,4,0.38,2.02.6,1-2-3,1050,1-2-3,490,1-2,340,1-2,340
江戸川,2026/2/8,9,5,6,3685,荒井輝年,finish,51,22,6.84,6,0.34,. .,1-2-3,1050,1-2-3,490,1-2,340,1-2,340
江戸川,2026/2/8,9,,5,4861,田中宏樹,S1,,,,,,,,,,,,,,
江戸川,2026/2/8,10,1,4,5299,西丸敦基,finish,58,46,6.59,4,0.21,1.50.3,4-1-3,4700,1-3-4,450,4-1,1430,1-4,560
江戸川,2026/2/8,10,2,1,3436,柏野幸二,finish,53,66,6.63,1,0.11,1.52.3,4-1-3,4700,1-3-4,450,4-1,1430,1-4,560
江戸川,2026/2/8,10,3,3,3686,鳥居塚孝博,finish,45,39,6.63,3,0.20,1.53.2,4-1-3,4700,1-3-4,450,4-1,1430,1-4,560
江戸川,2026/2/8,10,4,2,5228,若林樹蘭,finish,71,63,6.54,2,0.16,1.54.7,4-1-3,4700,1-3-4,450,4-1,1430,1-4,560
江戸川,2026/2/8,10,5,5,4976,金山立樹,finish,52,30,6.71,5,0.35,. .,4-1-3,4700,1-3-4,450,4-1,1430,1-4,560
江戸川,2026/2/8,10,,6,4892,柴田直哉,K0,,,,,,,,,,,,,,
江戸川,2026/2/8,11,1,1,4345,西舘健,finish,67,49,6.69,1,0.20,1.50.5,1-6-5,4990,1-5-6,1260,1-6,1360,1-6,920
江戸川,2026/2/8,11,2,6,4954,内山峻輔,finish,46,37,6.77,6,0.13,1.51.7,1-6-5,4990,1-5-6,1260,1-6,1360,1-6,920
江戸川,2026/2/8,11,3,5,4257,古川健,finish,63,10,6.68,5,0.11,1.53.9,1-6-5,4990,1-5-6,1260,1-6,1360,1-6,920
江戸川,2026/2/8,11,4,2,3964,宮地博士,finish,10,24,6.74,2,0.26,1.55.0,1-6-5,4990,1-5-6,1260,1-6,1360,1-6,920
江戸川,2026/2/8,11,5,3,3790,佐口達也,finish,47,27,6.76,3,0.15,. .,1-6-5,4990,1-5-6,1260,1-6,1360,1-6,920
江戸川,2026/2/8,11,6,4,4403,木下大將,finish,65,69,6.74,4,0.12,. .,1-6-5,4990,1-5-6,1260,1-6,1360,1-6,920
江戸川,2026/2/8,12,1,1,3822,平尾崇典,finish,30,51,6.72,1,0.06,1.49.8,1-2-3,980,1-2-3,280,1-2,440,1-2,320
江戸川,2026/2/8,12,2,2,4064,原田篤志,finish,37,21,6.70,2,0.11,1.50.9,1-2-3,980,1-2-3,280,1-2,440,1-2,320
江戸川,2026/2/8,12,3,3,3300,川崎智幸,finish,66,56,6.73,3,0.05,1.52.2,1-2-3,980,1-2-3,280,1-2,440,1-2,320
江戸川,2026/2/8,12,4,5,5087,佐藤航,finish,16,17,6.75,5,0.11,1.52.9,1-2-3,980,1-2-3,280,1-2,440,1-2,320
江戸川,2026/2/8,12,5,6,4769,馬場剛,finish,54,38,6.66,6,0.09,. .,1-2-3,980,1-2-3,280,1-2,440,1-2,320
江戸川,2026/2/8,12,6,4,4148,枝尾賢,finish,13,58,6.74,4,0.09,. .,1-2-3,980,1-2-3,280,1-2,440,1-2,320
戸田,2026/2/8,1,1,1,5322,根岸真優,finish,28,50,6.69,1,0.17,1.13.1,1-3-2,6960,1-2-3,770,1-3,3680,1-3,2750
戸田,2026/2/8,1,2,3,3859,多羅尾達之,finish,47,35,6.97,3,0.20,1.13.6,1-3-2,6960,1-2-3,770,1-3,3680,1-3,2750
戸田,2026/2/8,1,3,2,3081,岡本慎治,finish,49,59,6.87,2,0.19,1.14.3,1-3-2,6960,1-2-3,770,1-3,3680,1-3,2750
戸田,2026/2/8,1,4,5,5182,宮崎安奈,finish,8,28,6.86,5,0.20,1.16.2,1-3-2,6960,1-2-3,770,1-3,3680,1-3,2750
戸田,2026/2/8,1,5,4,3948,大町利克,finish,32,66,6.98,4,0.18,. .,1-3-2,6960,1-2-3,770,1-3,3680,1-3,2750
戸田,2026/2/8,1,6,6,5433,米本圭佑,finish,43,72,6.86,6,0.23,. .,1-3-2,6960,1-2-3,770,1-3,3680,1-3,2750
戸田,2026/2/8,2,1,3,5216,長谷川晴哉,finish,17,31,6.78,3,0.15,1.11.8,3-5-4,3680,3-4-5,870,3-5,1130,3-5,1280
戸田,2026/2/8,2,2,5,5203,神里琴音,finish,63,22,6.83,5,0.20,1.12.8,3-5-4,3680,3-4-5,870,3-5,1130,3-5,1280
戸田,2026/2/8,2,3,4,3655,本橋克洋,finish,25,75,6.89,4,0.23,1.14.3,3-5-4,3680,3-4-5,870,3-5,1130,3-5,1280
戸田,2026/2/8,2,4,2,4175,川尻泰輔,finish,22,48,6.83,2,0.18,1.14.8,3-5-4,3680,3-4-5,870,3-5,1130,3-5,1280
戸田,2026/2/8,2,5,6,5415,阿部未侑,finish,38,49,6.82,6,0.21,. .,3-5-4,3680,3-4-5,870,3-5,1130,3-5,1280
戸田,2026/2/8,2,6,1,4694,高田綾,finish,19,68,6.80,1,0.28,. .,3-5-4,3680,3-4-5,870,3-5,1130,3-5,1280
戸田,2026/2/8,3,1,1,4592,小林孝弘,finish,16,12,6.69,1,0.17,1.12.1,1-3-2,5280,1-2-3,810,1-3,2090,1-3,1500
戸田,2026/2/8,3,2,3,4062,後藤陽介,finish,55,45,6.81,3,0.19,1.12.9,1-3-2,5280,1-2-3,810,1-3,2090,1-3,1500
戸田,2026/2/8,3,3,2,4152,深水慎一郎,finish,53,58,6.74,2,0.21,1.13.6,1-3-2,5280,1-2-3,810,1-3,2090,1-3,1500
戸田,2026/2/8,3,4,5,5012,加倉侑征,finish,51,64,6.81,5,0.17,1.14.8,1-3-2,5280,1-2-3,810,1-3,2090,1-3,1500
戸田,2026/2/8,3,5,6,3576,白水勝也,finish,44,56,6.82,6,0.20,. .,1-3-2,5280,1-2-3,810,1-3,2090,1-3,1500
戸田,2026/2/8,3,6,4,3692,竹腰正樹,finish,54,19,6.78,4,0.16,. .,1-3-2,5280,1-2-3,810,1-3,2090,1-3,1500
戸田,2026/2/8,4,1,4,4790,柳内敬太,finish,30,67,6.76,4,0.14,1.12.3,4-3-5,5250,3-4-5,1040,4-3,1450,3-4,790
戸田,2026/2/8,4,2,3,3968,茶谷信次,finish,9,71,6.80,3,0.25,1.13.7,4-3-5,5250,3-4-5,1040,4-3,1450,3-4,790
戸田,2026/2/8,4,3,5,4623,中北将史,finish,4,23,6.71,5,0.18,1.14.2,4-3-5,5250,3-4-5,1040,4-3,1450,3-4,790
戸田,2026/2/8,4,4,1,3680,森林太,finish,56,24,6.66,1,0.34,1.15.4,4-3-5,5250,3-4-5,1040,4-3,1450,3-4,790
戸田,2026/2/8,4,5,6,5441,鈴木雄登,finish,39,25,6.75,6,0.27,. .,4-3-5,5250,3-4-5,1040,4-3,1450,3-4,790
戸田,2026/2/8,4,6,2,5359,佐藤世那,finish,40,62,6.78,2,0.22,. .,4-3-5,5250,3-4-5,1040,4-3,1450,3-4,790
戸田,2026/2/8,5,1,4,4073,大橋純一郎,finish,6,69,6.75,4,0.12,1.11.7,4-1-5,2200,1-4-5,930,4-1,430,1-4,190
戸田,2026/2/8,5,2,1,3514,山一鉄也,finish,29,27,6.71,1,0.12,1.13.0,4-1-5,2200,1-4-5,930,4-1,430,1-4,190
戸田,2026/2/8,5,3,5,3583,齋藤智裕,finish,48,37,6.85,5,0.12,1.14.8,4-1-5,2200,1-4-5,930,4-1,430,1-4,190
戸田,2026/2/8,5,4,6,3859,多羅尾達之,finish,47,35,6.92,6,0.10,1.15.9,4-1-5,2200,1-4-5,930,4-1,430,1-4,190
戸田,2026/2/8,5,5,3,5279,石渡翔一郎,finish,27,40,6.85,3,0.16,. .,4-1-5,2200,1-4-5,930,4-1,430,1-4,190
戸田,2026/2/8,5,6,2,3509,池千夏,finish,52,41,6.92,2,0.14,. .,4-1-5,2200,1-4-5,930,4-1,430,1-4,190
戸田,2026/2/8,6,1,1,5203,神里琴音,finish,63,22,6.75,1,0.16,1.12.7,1-4-6,1090,1-4-6,340,1-4,530,1-4,510
戸田,2026/2/8,6,2,4,3327,野長瀬正孝,finish,37,32,6.84,3,0.11,1.13.7,1-4-6,1090,1-4-6,340,1-4,530,1-4,510
戸田,2026/2/8,6,3,6,3944,山口裕二,finish,21,57,6.80,4,0.22,1.15.1,1-4-6,1090,1-4-6,340,1-4,530,1-4,510
戸田,2026/2/8,6,4,2,4555,富永大一,finish,42,74,6.87,2,0.12,1.16.0,1-4-6,1090,1-4-6,340,1-4,530,1-4,510
戸田,2026/2/8,6,5,5,5433,米本圭佑,finish,43,72,6.80,6,0.20,. .,1-4-6,1090,1-4-6,340,1-4,530,1-4,510
戸田,2026/2/8,6,6,3,5345,牧村俊輝,finish,18,43,6.87,5,0.21,. .,1-4-6,1090,1-4-6,340,1-4,530,1-4,510
戸田,2026/2/8,7,1,1,4516,野口勝弘,finish,46,77,6.73,1,0.15,1.48.2,1-4-6,850,1-4-6,280,1-4,480,1-4,310
戸田,2026/2/8,7,2,4,4152,深水慎一郎,finish,53,58,6.76,4,0.20,1.51.1,1-4-6,850,1-4-6,280,1-4,480,1-4,310
戸田,2026/2/8,7,3,6,5185,加藤優弥,finish,23,70,6.73,6,0.22,1.52.2,1-4-6,850,1-4-6,280,1-4,480,1-4,310
戸田,2026/2/8,7,4,3,5322,根岸真優,finish,28,50,6.73,3,0.14,1.55.1,1-4-6,850,1-4-6,280,1-4,480,1-4,310
戸田,2026/2/8,7,5,2,4110,小澤和也,finish,41,51,6.73,2,0.15,. .,1-4-6,850,1-4-6,280,1-4,480,1-4,310
戸田,2026/2/8,7,6,5,5415,阿部未侑,finish,38,49,6.82,5,0.21,. .,1-4-6,850,1-4-6,280,1-4,480,1-4,310
戸田,2026/2/8,8,1,5,5275,松田淳平,finish,20,42,6.74,5,0.11,1.48.3,5-3-1,2830,1-3-5,220,5-3,1350,3-5,490
戸田,2026/2/8,8,2,3,4159,向後龍一,finish,15,39,6.78,3,0.17,1.50.2,5-3-1,2830,1-3-5,220,5-3,1350,3-5,490
戸田,2026/2/8,8,3,1,3692,竹腰正樹,finish,54,19,6.72,1,0.13,1.51.9,5-3-1,2830,1-3-5,220,5-3,1350,3-5,490
戸田,2026/2/8,8,4,2,4623,中北将史,finish,4,23,6.80,2,0.14,1.53.1,5-3-1,2830,1-3-5,220,5-3,1350,3-5,490
戸田,2026/2/8,8,5,6,3948,大町利克,finish,32,66,6.87,6,0.28,. .,5-3-1,2830,1-3-5,220,5-3,1350,3-5,490
戸田,2026/2/8,8,6,4,4694,高田綾,finish,19,68,6.85,4,0.19,. .,5-3-1,2830,1-3-5,220,5-3,1350,3-5,490
戸田,2026/2/8,9,1,1,5012,加倉侑征,finish,51,64,6.79,1,0.16,1.48.7,1-5-2,4690,1-2-5,890,1-5,1420,1-5,820
戸田,2026/2/8,9,2,5,5441,鈴木雄登,finish,39,25,6.76,6,0.15,1.49.4,1-5-2,4690,1-2-5,890,1-5,1420,1-5,820
戸田,2026/2/8,9,3,2,4594,谷川祐一,finish,50,65,6.82,2,0.23,1.51.8,1-5-2,4690,1-2-5,890,1-5,1420,1-5,820
戸田,2026/2/8,9,4,4,3514,山一鉄也,finish,29,27,6.77,4,0.15,1.52.8,1-5-2,4690,1-2-5,890,1-5,1420,1-5,820
戸田,2026/2/8,9,5,3,5376,吉田一心,finish,12,18,6.79,3,0.21,. .,1-5-2,4690,1-2-5,890,1-5,1420,1-5,820
戸田,2026/2/8,9,6,6,4057,松井賢治,finish,36,38,6.88,5,0.17,. .,1-5-2,4690,1-2-5,890,1-5,1420,1-5,820
戸田,2026/2/8,10,1,2,5216,長谷川晴哉,finish,17,31,6.68,2,0.21,1.49.3,2-5-1,4710,1-2-5,610,2-5,2200,2-5,1200
戸田,2026/2/8,10,2,5,3968,茶谷信次,finish,9,71,6.78,5,0.20,1.50.4,2-5-1,4710,1-2-5,610,2-5,2200,2-5,1200
戸田,2026/2/8,10,3,1,3327,野長瀬正孝,finish,37,32,6.87,1,0.18,1.51.9,2-5-1,4710,1-2-5,610,2-5,2200,2-5,1200
戸田,2026/2/8,10,4,3,3576,白水勝也,finish,44,56,6.78,3,0.21,1.52.6,2-5-1,4710,1-2-5,610,2-5,2200,2-5,1200
戸田,2026/2/8,10,5,6,4313,西村美智子,finish,35,53,6.82,6,0.19,. .,2-5-1,4710,1-2-5,610,2-5,2200,2-5,1200
戸田,2026/2/8,10,6,4,5389,恵良琴美,finish,34,13,6.89,4,0.35,. .,2-5-1,4710,1-2-5,610,2-5,2200,2-5,1200
戸田,2026/2/8,11,1,1,4790,柳内敬太,finish,30,67,6.76,1,0.12,1.48.3,1-2-5,1610,1-2-5,830,1-2,350,1-2,440
戸田,2026/2/8,11,2,2,3655,本橋克洋,finish,25,75,6.86,2,0.16,1.51.2,1-2-5,1610,1-2-5,830,1-2,350,1-2,440
戸田,2026/2/8,11,3,5,4555,富永大一,finish,42,74,6.77,5,0.20,1.52.8,1-2-5,1610,1-2-5,830,1-2,350,1-2,440
戸田,2026/2/8,11,4,4,4516,野口勝弘,finish,46,77,6.74,4,0.19,1.53.0,1-2-5,1610,1-2-5,830,1-2,350,1-2,440
戸田,2026/2/8,11,5,3,4592,小林孝弘,finish,16,12,6.83,3,0.16,. .,1-2-5,1610,1-2-5,830,1-2,350,1-2,440
戸田,2026/2/8,11,6,6,5279,石渡翔一郎,finish,27,40,6.91,6,0.17,. .,1-2-5,1610,1-2-5,830,1-2,350,1-2,440
戸田,2026/2/8,12,1,4,4110,小澤和也,finish,41,51,6.82,4,0.07,1.48.2,4-1-6,60810,1-4-6,5930,4-1,8730,1-4,1500
戸田,2026/2/8,12,2,1,4073,大橋純一郎,finish,6,69,6.62,1,0.12,1.49.8,4-1-6,60810,1-4-6,5930,4-1,8730,1-4,1500
戸田,2026/2/8,12,3,6,5245,倉富大誠,finish,33,26,6.76,6,0.15,1.51.3,4-1-6,60810,1-4-6,5930,4-1,8730,1-4,1500
戸田,2026/2/8,12,4,5,4420,津久井拓也,finish,26,20,6.72,5,0.09,1.51.9,4-1-6,60810,1-4-6,5930,4-1,8730,1-4,1500
戸田,2026/2/8,12,5,2,5275,松田淳平,finish,20,42,6.74,2,0.11,. .,4-1-6,60810,1-4-6,5930,4-1,8730,1-4,1500
戸田,2026/2/8,12,6,3,3350,藤本佳史,finish,31,29,6.82,3,0.12,. .,4-1-6,60810,1-4-6,5930,4-1,8730,1-4,1500
桐生,2026/2/8,1,1,4,4432,黄金井力良,finish,46,44,6.78,4,0.12,1.50.9,4-2-5,2430,2-4-5,780,4-2,830,2-4,650
桐生,2026/2/8,1,2,2,3620,信濃由行,finish,45,71,6.76,2,0.17,1.52.5,4-2-5,2430,2-4-5,780,4-2,830,2-4,650
桐生,2026/2/8,1,3,5,5289,佃來紀,finish,29,40,6.78,5,0.14,1.53.4,4-2-5,2430,2-4-5,780,4-2,830,2-4,650
桐生,2026/2/8,1,4,1,3776,横井健太,finish,60,67,6.92,1,0.20,1.54.1,4-2-5,2430,2-4-5,780,4-2,830,2-4,650
桐生,2026/2/8,1,5,3,4396,大田直弥,finish,62,41,6.93,3,0.13,1.54.7,4-2-5,2430,2-4-5,780,4-2,830,2-4,650
桐生,2026/2/8,1,6,6,5432,安藤瑠希,finish,53,50,6.93,6,0.27,1.57.4,4-2-5,2430,2-4-5,780,4-2,830,2-4,650
桐生,2026/2/8,2,1,4,4518,大須賀友,finish,12,68,6.89,4,0.12,1.50.5,4-2-5,3910,2-4-5,1280,4-2,1120,2-4,480
桐生,2026/2/8,2,2,2,4465,大西賢,finish,20,55,6.81,2,0.18,1.51.6,4-2-5,3910,2-4-5,1280,4-2,1120,2-4,480
桐生,2026/2/8,2,3,5,5181,森智哉,finish,34,46,6.96,5,0.15,1.52.5,4-2-5,3910,2-4-5,1280,4-2,1120,2-4,480
桐生,2026/2/8,2,4,1,4195,前川守嗣,finish,30,48,6.95,1,0.20,1.54.3,4-2-5,3910,2-4-5,1280,4-2,1120,2-4,480
桐生,2026/2/8,2,5,6,4563,齋藤真之,finish,65,34,6.86,6,0.19,1.56.1,4-2-5,3910,2-4-5,1280,4-2,1120,2-4,480
桐生,2026/2/8,2,6,3,4422,永井亮次,finish,39,70,6.82,3,0.18,2.00.1,4-2-5,3910,2-4-5,1280,4-2,1120,2-4,480
桐生,2026/2/8,3,1,4,4040,廣瀬将亨,finish,35,57,7.00,4,0.19,1.48.6,4-6-5,3900,4-5-6,1100,4-6,1170,4-6,1000
桐生,2026/2/8,3,2,6,5321,一色颯輝,finish,27,49,6.82,6,0.18,1.50.4,4-6-5,3900,4-5-6,1100,4-6,1170,4-6,1000
桐生,2026/2/8,3,3,5,4574,東潤樹,finish,22,19,6.86,5,0.22,1.52.5,4-6-5,3900,4-5-6,1100,4-6,1170,4-6,1000
桐生,2026/2/8,3,4,1,3889,須藤隆雄,finish,28,14,6.82,1,0.08,1.53.9,4-6-5,3900,4-5-6,1100,4-6,1170,4-6,1000
桐生,2026/2/8,3,5,3,3315,広瀬聖仁,finish,70,15,6.92,3,0.18,1.54.7,4-6-5,3900,4-5-6,1100,4-6,1170,4-6,1000
桐生,2026/2/8,3,6,2,4572,渡部悟,finish,55,22,6.91,2,0.17,1.54.8,4-6-5,3900,4-5-6,1100,4-6,1170,4-6,1000
桐生,2026/2/8,4,1,3,4015,前野竜一,finish,15,59,6.90,3,0.12,1.58.5,3-1-6,1190,1-3-6,400,3-1,570,1-3,260
桐生,2026/2/8,4,2,1,4752,西尾亮輔,finish,47,27,6.76,1,0.11,2.01.2,3-1-6,1190,1-3-6,400,3-1,570,1-3,260
桐生,2026/2/8,4,3,6,3385,渡邉睦広,finish,58,28,6.89,5,0.15,2.03.5,3-1-6,1190,1-3-6,400,3-1,570,1-3,260
桐生,2026/2/8,4,4,4,5177,松井貫太,finish,17,51,6.83,4,0.20,2.07.3,3-1-6,1190,1-3-6,400,3-1,570,1-3,260
桐生,2026/2/8,4,,2,5207,高山敬悟,S0,,,,,,,,,,,,,,
桐生,2026/2/8,4,,5,5419,櫻井隼,S1,,,,,,,,,,,,,,
桐生,2026/2/8,5,1,1,5289,佃來紀,finish,29,40,6.78,1,0.22,1.50.1,1-3-2,3460,1-2-3,1460,1-3,740,1-3,490
桐生,2026/2/8,5,2,3,4578,藤山雅弘,finish,51,62,6.87,3,0.24,1.51.5,1-3-2,3460,1-2-3,1460,1-3,740,1-3,490
桐生,2026/2/8,5,3,2,4660,宇田川信一,finish,71,18,6.75,2,0.30,1.52.6,1-3-2,3460,1-2-3,1460,1-3,740,1-3,490
桐生,2026/2/8,5,4,5,4708,半田尚也,finish,14,13,6.89,5,0.27,1.53.4,1-3-2,3460,1-2-3,1460,1-3,740,1-3,490
桐生,2026/2/8,5,5,4,4413,水摩敦,finish,38,61,6.88,4,0.21,1.54.0,1-3-2,3460,1-2-3,1460,1-3,740,1-3,490
桐生,2026/2/8,5,6,6,5053,山口広樹,finish,66,65,6.88,6,0.34,1.57.0,1-3-2,3460,1-2-3,1460,1-3,740,1-3,490
桐生,2026/2/8,6,1,1,5234,塚越海斗,finish,41,43,6.78,1,0.17,1.50.3,1-3-2,1280,1-2-3,500,1-3,370,1-3,340
桐生,2026/2/8,6,2,3,5181,森智哉,finish,34,46,6.84,3,0.20,1.52.1,1-3-2,1280,1-2-3,500,1-3,370,1-3,340
桐生,2026/2/8,6,3,2,3294,野中義生,finish,40,20,6.93,2,0.22,1.53.8,1-3-2,1280,1-2-3,500,1-3,370,1-3,340
桐生,2026/2/8,6,4,6,3870,寺嶋雄,finish,63,12,6.82,5,0.31,1.54.2,1-3-2,1280,1-2-3,500,1-3,370,1-3,340
桐生,2026/2/8,6,5,5,5432,安藤瑠希,finish,53,50,6.94,6,0.18,1.55.0,1-3-2,1280,1-2-3,500,1-3,370,1-3,340
桐生,2026/2/8,6,6,4,4508,野間大樹,finish,13,74,6.94,4,0.39,1.59.1,1-3-2,1280,1-2-3,500,1-3,370,1-3,340
桐生,2026/2/8,7,1,3,3612,馬袋義則,finish,32,52,6.93,3,0.22,1.50.4,3-1-6,2070,1-3-6,530,3-1,490,1-3,150
桐生,2026/2/8,7,2,1,4842,山下昂大,finish,74,17,6.82,1,0.23,1.51.5,3-1-6,2070,1-3-6,530,3-1,490,1-3,150
桐生,2026/2/8,7,3,6,5316,村松将平,finish,50,26,6.85,6,0.16,1.53.3,3-1-6,2070,1-3-6,530,3-1,490,1-3,150
桐生,2026/2/8,7,4,5,3776,横井健太,finish,60,67,6.85,5,0.21,1.54.8,3-1-6,2070,1-3-6,530,3-1,490,1-3,150
桐生,2026/2/8,7,5,4,3315,広瀬聖仁,finish,70,15,6.96,4,0.26,1.55.7,3-1-6,2070,1-3-6,530,3-1,490,1-3,150
桐生,2026/2/8,7,6,2,4422,永井亮次,finish,39,70,6.93,2,0.25,1.59.4,3-1-6,2070,1-3-6,530,3-1,490,1-3,150
桐生,2026/2/8,8,1,1,5054,佐々木大河,finish,73,24,6.78,1,0.27,1.50.0,1-5-3,1960,1-3-5,600,1-5,580,1-5,440
桐生,2026/2/8,8,2,5,3911,鈴木猛,finish,72,23,6.85,5,0.20,1.51.5,1-5-3,1960,1-3-5,600,1-5,580,1-5,440
桐生,2026/2/8,8,3,3,3620,信濃由行,finish,45,71,6.84,3,0.13,1.53.7,1-5-3,1960,1-3-5,600,1-5,580,1-5,440
桐生,2026/2/8,8,4,2,4574,東潤樹,finish,22,19,6.83,2,0.21,1.54.0,1-5-3,1960,1-3-5,600,1-5,580,1-5,440
桐生,2026/2/8,8,5,4,4563,齋藤真之,finish,65,34,6.91,4,0.17,1.56.2,1-5-3,1960,1-3-5,600,1-5,580,1-5,440
桐生,2026/2/8,8,6,6,5419,櫻井隼,finish,11,29,6.82,6,0.31,1.59.0,1-5-3,1960,1-3-5,600,1-5,580,1-5,440
桐生,2026/2/8,9,1,1,4432,黄金井力良,finish,46,44,6.73,1,0.10,1.50.4,1-4-5,3320,1-4-5,1090,1-4,510,1-4,330
桐生,2026/2/8,9,2,4,5321,一色颯輝,finish,27,49,6.66,4,0.07,1.51.4,1-4-5,3320,1-4-5,1090,1-4,510,1-4,330
桐生,2026/2/8,9,3,5,4660,宇田川信一,finish,71,18,6.74,5,0.20,1.52.7,1-4-5,3320,1-4-5,1090,1-4,510,1-4,330
桐生,2026/2/8,9,4,2,4259,真庭明志,finish,49,53,6.80,2,0.15,1.54.1,1-4-5,3320,1-4-5,1090,1-4,510,1-4,330
桐生,2026/2/8,9,5,3,3385,渡邉睦広,finish,58,28,6.83,3,0.19,1.55.2,1-4-5,3320,1-4-5,1090,1-4,510,1-4,330
桐生,2026/2/8,9,6,6,5055,眞鳥章太,finish,33,42,6.83,6,0.22,1.56.8,1-4-5,3320,1-4-5,1090,1-4,510,1-4,330
桐生,2026/2/8,10,1,3,4040,廣瀬将亨,finish,35,57,6.75,3,0.16,1.49.4,3-4-2,3600,2-3-4,1020,3-4,550,3-4,270
桐生,2026/2/8,10,2,4,5234,塚越海斗,finish,41,43,6.92,4,0.17,1.53.2,3-4-2,3600,2-3-4,1020,3-4,550,3-4,270
桐生,2026/2/8,10,3,2,4396,大田直弥,finish,62,41,6.88,2,0.21,1.54.3,3-4-2,3600,2-3-4,1020,3-4,550,3-4,270
桐生,2026/2/8,10,4,1,4708,半田尚也,finish,14,13,6.86,1,0.21,1.55.0,3-4-2,3600,2-3-4,1020,3-4,550,3-4,270
桐生,2026/2/8,10,5,5,5207,高山敬悟,finish,26,54,6.78,5,0.16,1.55.1,3-4-2,3600,2-3-4,1020,3-4,550,3-4,270
桐生,2026/2/8,10,6,6,5269,山口晃朋,finish,59,33,6.75,6,0.14,1.55.9,3-4-2,3600,2-3-4,1020,3-4,550,3-4,270
桐生,2026/2/8,11,1,5,3777,樋口亮,finish,31,38,6.71,5,0.21,1.13.1,5-3-4,26770,3-4-5,2610,5-3,5170,3-5,1490
桐生,2026/2/8,11,2,3,4842,山下昂大,finish,74,17,6.92,3,0.24,1.13.3,5-3-4,26770,3-4-5,2610,5-3,5170,3-5,1490
桐生,2026/2/8,11,3,4,4180,上野秀和,finish,37,35,6.81,4,0.23,1.14.9,5-3-4,26770,3-4-5,2610,5-3,5170,3-5,1490
桐生,2026/2/8,11,4,1,4578,藤山雅弘,finish,51,62,6.89,1,0.22,1.15.1,5-3-4,26770,3-4-5,2610,5-3,5170,3-5,1490
桐生,2026/2/8,11,5,6,4015,前野竜一,finish,15,59,6.79,6,0.21,1.16.5,5-3-4,26770,3-4-5,2610,5-3,5170,3-5,1490
桐生,2026/2/8,11,6,2,4093,吉田宗弘,finish,69,66,6.82,2,0.30,1.20.7,5-3-4,26770,3-4-5,2610,5-3,5170,3-5,1490
桐生,2026/2/8,12,1,1,3612,馬袋義則,finish,32,52,6.91,1,0.16,1.13.1,1-2-4,1300,1-2-4,660,1-2,440,1-2,340
桐生,2026/2/8,12,2,2,4550,石岡将太,finish,56,60,6.83,2,0.18,1.14.0,1-2-4,1300,1-2-4,660,1-2,440,1-2,340
桐生,2026/2/8,12,3,4,5054,佐々木大河,finish,73,24,6.96,4,0.15,1.15.5,1-2-4,1300,1-2-4,660,1-2,440,1-2,340
桐生,2026/2/8,12,4,6,4572,渡部悟,finish,55,22,7.05,6,0.30,1.16.6,1-2-4,1300,1-2-4,660,1-2,440,1-2,340
桐生,2026/2/8,12,5,3,4518,大須賀友,finish,12,68,6.95,3,0.19,1.17.1,1-2-4,1300,1-2-4,660,1-2,440,1-2,340
桐生,2026/2/8,12,6,5,5177,松井貫太,finish,17,51,6.81,5,0.26,1.18.1,1-2-4,1300,1-2-4,660,1-2,440,1-2,340
