date,n_api,n_bfile,n_common,n_diff,n_times,note
20260630,168,168,168,0,168,match
20260701,168,168,168,0,168,match
20260702,156,156,156,0,156,match
20260703,168,168,168,0,168,match
20260704,168,168,168,0,168,match
20260705,168,168,168,0,168,match
20260706,132,132,132,0,132,match
20260707,144,144,144,0,144,match
20260708,132,132,132,0,132,match
20260709,144,144,144,0,144,match
20260710,156,156,156,0,156,match
20260711,180,180,180,0,180,match
20260712,0,192,0,,0,no_openapi
20260713,156,156,156,0,156,match
20260714,156,156,156,0,156,match
20260715,168,168,168,0,168,match
20260716,144,144,144,0,144,match
20260717,144,144,144,0,144,match
20260718,180,180,180,0,180,match
20260719,192,192,192,0,192,match
20260720,0,156,0,,0,no_openapi
